[{"pk": 1, "model": "app.tipousuario", "fields": {"descripcion": "Administrador", "clave": "adm"}}, {"pk": 2, "model": "app.tipousuario", "fields": {"descripcion": "Cajero", "clave": "cjr"}}, {"pk": 1, "model": "app.unidadmedida", "fields": {"descripcion": "Pieza"}}, {"pk": 2, "model": "app.unidadmedida", "fields": {"descripcion": "Paquete"}}, {"pk": 3, "model": "app.unidadmedida", "fields": {"descripcion": "Kg"}}, {"pk": 4, "model": "app.unidadmedida", "fields": {"descripcion": "Caja"}}, {"pk": 5, "model": "app.unidadmedida", "fields": {"descripcion": "Tapa"}}, {"pk": 6, "model": "app.unidadmedida", "fields": {"descripcion": "Litro"}}, {"pk": 1, "model": "app.tipoarticulo", "fields": {"descripcion": "Refrescos"}}, {"pk": 2, "model": "app.tipoarticulo", "fields": {"descripcion": "Botanas"}}, {"pk": 3, "model": "app.tipoarticulo", "fields": {"descripcion": "Galletas"}}, {"pk": 4, "model": "app.tipoarticulo", "fields": {"descripcion": "Lacteos"}}, {"pk": 5, "model": "app.tipoarticulo", "fields": {"descripcion": "Jugos"}}, {"pk": 6, "model": "app.tipoarticulo", "fields": {"descripcion": "Dulces"}}, {"pk": 7, "model": "app.tipoarticulo", "fields": {"descripcion": "Helados"}}, {"pk": 8, "model": "app.tipoarticulo", "fields": {"descripcion": "Comida/Platillos"}}, {"pk": 9, "model": "app.tipoarticulo", "fields": {"descripcion": "Otros"}}, {"pk": 1, "model": "app.marcaarticulo", "fields": {"descripcion": "Sabritas"}}, {"pk": 2, "model": "app.marcaarticulo", "fields": {"descripcion": "Bimbo"}}, {"pk": 3, "model": "app.marcaarticulo", "fields": {"descripcion": "Gamesa"}}, {"pk": 4, "model": "app.marcaarticulo", "fields": {"descripcion": "Coca-Cola"}}, {"pk": 5, "model": "app.marcaarticulo", "fields": {"descripcion": "Lala"}}, {"pk": 6, "model": "app.marcaarticulo", "fields": {"descripcion": "Otros"}}, {"pk": 1, "model": "app.proveedor", "fields": {"descripcion": "GranD"}}, {"pk": 2, "model": "app.proveedor", "fields": {"descripcion": "Soriana"}}, {"pk": 3, "model": "app.proveedor", "fields": {"descripcion": "Walmart"}}, {"pk": 4, "model": "app.proveedor", "fields": {"descripcion": "Grandy"}}, {"pk": 5, "model": "app.proveedor", "fields": {"descripcion": "Smart"}}, {"pk": 6, "model": "app.proveedor", "fields": {"descripcion": "Comercial Mexicana"}}, {"pk": 7, "model": "app.proveedor", "fields": {"descripcion": "H.E.B."}}, {"pk": 8, "model": "app.proveedor", "fields": {"descripcion": "Su Bodega"}}, {"pk": 9, "model": "app.proveedor", "fields": {"descripcion": "Pajaro Loco"}}, {"pk": 10, "model": "app.proveedor", "fields": {"descripcion": "Otros"}}, {"pk": 1, "model": "app.tipogasto", "fields": {"descripcion": "Gas"}}, {"pk": 2, "model": "app.tipogasto", "fields": {"descripcion": "Sueldos"}}, {"pk": 3, "model": "app.tipogasto", "fields": {"descripcion": "Gasolina"}}, {"pk": 4, "model": "app.tipogasto", "fields": {"descripcion": "Mantenimiento"}}, {"pk": 5, "model": "app.tipogasto", "fields": {"descripcion": "Renta"}}, {"pk": 6, "model": "app.tipogasto", "fields": {"descripcion": "Otros"}}, {"pk": 1, "model": "app.tipoinsumo", "fields": {"descripcion": "Carne de Puerco"}}, {"pk": 2, "model": "app.tipoinsumo", "fields": {"descripcion": "Carne de Res"}}, {"pk": 3, "model": "app.tipoinsumo", "fields": {"descripcion": "Pollo"}}, {"pk": 4, "model": "app.tipoinsumo", "fields": {"descripcion": "Huevo"}}, {"pk": 5, "model": "app.tipoinsumo", "fields": {"descripcion": "Salchichoneria"}}, {"pk": 6, "model": "app.tipoinsumo", "fields": {"descripcion": "Lacteos"}}, {"pk": 7, "model": "app.tipoinsumo", "fields": {"descripcion": "Verduras"}}, {"pk": 8, "model": "app.tipoinsumo", "fields": {"descripcion": "Pan de Hog Dog"}}, {"pk": 9, "model": "app.tipoinsumo", "fields": {"descripcion": "Pan de Hamburguesa"}}, {"pk": 10, "model": "app.tipoinsumo", "fields": {"descripcion": "Tortilla de Harina"}}, {"pk": 12, "model": "app.tipoinsumo", "fields": {"descripcion": "Tortilla de Ma\u00edz"}}, {"pk": 13, "model": "app.tipoinsumo", "fields": {"descripcion": "Agua"}}, {"pk": 14, "model": "app.tipoinsumo", "fields": {"descripcion": "Desechables"}}, {"pk": 15, "model": "app.tipoinsumo", "fields": {"descripcion": "Productos de Limpieza"}}, {"pk": 16, "model": "app.tipoinsumo", "fields": {"descripcion": "Abarrotes"}}, {"pk": 17, "model": "app.tipoinsumo", "fields": {"descripcion": "Otros"}}, {"pk": 1, "model": "app.usuario", "fields": {"tipousuario": 1, "nombre": "Miguel Angel Ferral Vega", "contrasena": "admin", "activo": true, "usuario": "admin"}}, {"pk": 2, "model": "app.usuario", "fields": {"tipousuario": 1, "nombre": "Maria Zapata Tamez", "contrasena": "misplatos", "activo": true, "usuario": "maria.zapata"}}, {"pk": 3, "model": "app.usuario", "fields": {"tipousuario": 1, "nombre": "Cesar Cortez Zapata", "contrasena": "landazuri", "activo": true, "usuario": "cesar.cortez"}}, {"pk": 4, "model": "app.usuario", "fields": {"tipousuario": 2, "nombre": "Martha Infante", "contrasena": "cafeteria", "activo": true, "usuario": "martha.infante"}}, {"pk": 5, "model": "app.usuario", "fields": {"tipousuario": 2, "nombre": "Brenda Montoya", "contrasena": "cafeteria", "activo": true, "usuario": "brenda.montoya"}}, {"pk": 2, "model": "app.articulo", "fields": {"unidadmedida": 2, "iva": 0, "preciocosto": "10.00", "cantidadinventario": -4, "precioventa": "20.00", "descripcion": "HAMBURGUESA SIN PAPAS", "codigo": "HAMBURGUESA", "tipoarticulo": 8, "marcaarticulo": 6}}, {"pk": 3, "model": "app.articulo", "fields": {"unidadmedida": 1, "iva": 0, "preciocosto": "10.00", "cantidadinventario": -36, "precioventa": "20.00", "descripcion": "MIGADA CON GUISO", "codigo": "MIGADA", "tipoarticulo": 8, "marcaarticulo": 6}}, {"pk": 4, "model": "app.articulo", "fields": {"unidadmedida": 1, "iva": 0, "preciocosto": "4.00", "cantidadinventario": -68, "precioventa": "8.00", "descripcion": "BURRITO DE FRIJOLES", "codigo": "BURRITO", "tipoarticulo": 8, "marcaarticulo": 6}}, {"pk": 5, "model": "app.articulo", "fields": {"unidadmedida": 1, "iva": 0, "preciocosto": "4.50", "cantidadinventario": -21, "precioventa": "9.00", "descripcion": "TOSTADA CON GUISO", "codigo": "TOSTADA", "tipoarticulo": 8, "marcaarticulo": 6}}, {"pk": 6, "model": "app.articulo", "fields": {"unidadmedida": 1, "iva": 0, "preciocosto": "4.00", "cantidadinventario": -6, "precioventa": "9.00", "descripcion": "GORDITA CON GUISO", "codigo": "GORDITA", "tipoarticulo": 8, "marcaarticulo": 6}}, {"pk": 7, "model": "app.articulo", "fields": {"unidadmedida": 1, "iva": 0, "preciocosto": "5.00", "cantidadinventario": 0, "precioventa": "10.00", "descripcion": "SINCRONIZADA DE HARINA", "codigo": "SINCRONIZADA", "tipoarticulo": 8, "marcaarticulo": 6}}, {"pk": 8, "model": "app.articulo", "fields": {"unidadmedida": 1, "iva": 0, "preciocosto": "7.00", "cantidadinventario": -7, "precioventa": "15.00", "descripcion": "SINCRONIZADA CON GUISO", "codigo": "SINCRONIZADAG", "tipoarticulo": 8, "marcaarticulo": 6}}, {"pk": 9, "model": "app.articulo", "fields": {"unidadmedida": 1, "iva": 0, "preciocosto": "7.00", "cantidadinventario": -12, "precioventa": "15.00", "descripcion": "HOT DOG", "codigo": "HOTDOG", "tipoarticulo": 8, "marcaarticulo": 6}}, {"pk": 10, "model": "app.articulo", "fields": {"unidadmedida": 2, "iva": 0, "preciocosto": "12.50", "cantidadinventario": -65, "precioventa": "25.00", "descripcion": "HAMBURGUESA CON PAPAS", "codigo": "HAMBURGUESAPAPAS", "tipoarticulo": 8, "marcaarticulo": 6}}, {"pk": 11, "model": "app.articulo", "fields": {"unidadmedida": 2, "iva": 0, "preciocosto": "12.50", "cantidadinventario": -8, "precioventa": "25.00", "descripcion": "TORTA", "codigo": "TORTA", "tipoarticulo": 8, "marcaarticulo": 6}}, {"pk": 12, "model": "app.articulo", "fields": {"unidadmedida": 2, "iva": 0, "preciocosto": "10.00", "cantidadinventario": 0, "precioventa": "20.00", "descripcion": "ORDEN DE 4 TACOS DORADOS", "codigo": "ORDTACOSDORADOS", "tipoarticulo": 8, "marcaarticulo": 6}}, {"pk": 13, "model": "app.articulo", "fields": {"unidadmedida": 2, "iva": 0, "preciocosto": "12.50", "cantidadinventario": -11, "precioventa": "25.00", "descripcion": "ORDEN DE 3 TOSTADAS", "codigo": "ORDTOSTADAS", "tipoarticulo": 8, "marcaarticulo": 6}}, {"pk": 14, "model": "app.articulo", "fields": {"unidadmedida": 2, "iva": 0, "preciocosto": "12.50", "cantidadinventario": -18, "precioventa": "25.00", "descripcion": "ORDEN DE 3 GORDITAS", "codigo": "ORDGORDITAS", "tipoarticulo": 8, "marcaarticulo": 6}}, {"pk": 15, "model": "app.articulo", "fields": {"unidadmedida": 1, "iva": 0, "preciocosto": "5.00", "cantidadinventario": -78, "precioventa": "10.00", "descripcion": "FLAUTA EN TORTILLA DE HARINA", "codigo": "FLAUTA", "tipoarticulo": 8, "marcaarticulo": 6}}, {"pk": 16, "model": "app.articulo", "fields": {"unidadmedida": 1, "iva": 0, "preciocosto": "4.00", "cantidadinventario": -8, "precioventa": "8.00", "descripcion": "1 SALCHICHA PARA ASAR", "codigo": "SALCHICHON", "tipoarticulo": 8, "marcaarticulo": 6}}, {"pk": 17, "model": "app.articulo", "fields": {"unidadmedida": 2, "iva": 0, "preciocosto": "12.50", "cantidadinventario": 0, "precioventa": "25.00", "descripcion": "CHILAQUILES", "codigo": "CHILAQUILES", "tipoarticulo": 8, "marcaarticulo": 6}}, {"pk": 18, "model": "app.articulo", "fields": {"unidadmedida": 1, "iva": 0, "preciocosto": "5.00", "cantidadinventario": 0, "precioventa": "10.00", "descripcion": "MOLLETE", "codigo": "MOLLETE", "tipoarticulo": 8, "marcaarticulo": 6}}, {"pk": 19, "model": "app.articulo", "fields": {"unidadmedida": 2, "iva": 0, "preciocosto": "17.50", "cantidadinventario": 0, "precioventa": "35.00", "descripcion": "COMIDA CORRIDA C/POLLO", "codigo": "CORRIDA1", "tipoarticulo": 8, "marcaarticulo": 6}}, {"pk": 20, "model": "app.articulo", "fields": {"unidadmedida": 2, "iva": 0, "preciocosto": "20.00", "cantidadinventario": 0, "precioventa": "40.00", "descripcion": "COMIDA CORRIDA C/RES", "codigo": "CORRIDA2", "tipoarticulo": 8, "marcaarticulo": 6}}, {"pk": 21, "model": "app.articulo", "fields": {"unidadmedida": 1, "iva": 16, "preciocosto": "9.50", "cantidadinventario": 17, "precioventa": "12.00", "descripcion": "FUZE TEA TE VERDE", "codigo": "7501055331468", "tipoarticulo": 1, "marcaarticulo": 4}}, {"pk": 22, "model": "app.articulo", "fields": {"unidadmedida": 1, "iva": 0, "preciocosto": "9.50", "cantidadinventario": 13, "precioventa": "12.00", "descripcion": "FUZE TEA TE NEGRO C/ JUGO LIMON", "codigo": "7501055317394", "tipoarticulo": 1, "marcaarticulo": 4}}, {"pk": 23, "model": "app.articulo", "fields": {"unidadmedida": 1, "iva": 16, "preciocosto": "9.50", "cantidadinventario": 18, "precioventa": "12.00", "descripcion": "FUZE TEA TE NEGRO C/ JUGO FRUTOS ROJOS", "codigo": "7501055343690", "tipoarticulo": 1, "marcaarticulo": 4}}, {"pk": 24, "model": "app.articulo", "fields": {"unidadmedida": 1, "iva": 16, "preciocosto": "9.50", "cantidadinventario": 10, "precioventa": "12.00", "descripcion": "FUZE TEA TE NEGRO C/ JUGO DURAZNO", "codigo": "7501055317875", "tipoarticulo": 1, "marcaarticulo": 4}}, {"pk": 25, "model": "app.articulo", "fields": {"unidadmedida": 1, "iva": 16, "preciocosto": "6.92", "cantidadinventario": 20, "precioventa": "10.00", "descripcion": "DEL VALLE FRUT NARANJA", "codigo": "7501055330683", "tipoarticulo": 5, "marcaarticulo": 4}}, {"pk": 26, "model": "app.articulo", "fields": {"unidadmedida": 1, "iva": 16, "preciocosto": "6.92", "cantidadinventario": 22, "precioventa": "10.00", "descripcion": "DEL VALLE FRUT GUAYABA", "codigo": "7501055342716", "tipoarticulo": 5, "marcaarticulo": 4}}, {"pk": 27, "model": "app.articulo", "fields": {"unidadmedida": 1, "iva": 16, "preciocosto": "6.92", "cantidadinventario": 20, "precioventa": "10.00", "descripcion": "DEL VALLE FRUT MANGO", "codigo": "7501055342679", "tipoarticulo": 5, "marcaarticulo": 4}}, {"pk": 28, "model": "app.articulo", "fields": {"unidadmedida": 1, "iva": 16, "preciocosto": "6.92", "cantidadinventario": 0, "precioventa": "10.00", "descripcion": "DEL VALLE FRUT LIMON", "codigo": "7301055546387", "tipoarticulo": 5, "marcaarticulo": 4}}, {"pk": 29, "model": "app.articulo", "fields": {"unidadmedida": 1, "iva": 16, "preciocosto": "6.92", "cantidadinventario": 11, "precioventa": "10.00", "descripcion": "DEL VALLE FRUT MANZANA", "codigo": "7501055337477", "tipoarticulo": 5, "marcaarticulo": 4}}, {"pk": 30, "model": "app.articulo", "fields": {"unidadmedida": 1, "iva": 16, "preciocosto": "6.92", "cantidadinventario": 10, "precioventa": "10.00", "descripcion": "DEL VALLE FRUT UVA", "codigo": "7501055337415", "tipoarticulo": 5, "marcaarticulo": 4}}, {"pk": 31, "model": "app.articulo", "fields": {"unidadmedida": 1, "iva": 16, "preciocosto": "6.71", "cantidadinventario": 46, "precioventa": "10.00", "descripcion": "ESCUIS NARANJA", "codigo": "7501055328079", "tipoarticulo": 1, "marcaarticulo": 4}}, {"pk": 32, "model": "app.articulo", "fields": {"unidadmedida": 1, "iva": 16, "preciocosto": "6.71", "cantidadinventario": 42, "precioventa": "10.00", "descripcion": "ESCUIS FRESA", "codigo": "7501055327959", "tipoarticulo": 1, "marcaarticulo": 4}}, {"pk": 33, "model": "app.articulo", "fields": {"unidadmedida": 1, "iva": 16, "preciocosto": "6.71", "cantidadinventario": 32, "precioventa": "10.00", "descripcion": "ESCUIS TUTI-FRUTI", "codigo": "7501055328284", "tipoarticulo": 1, "marcaarticulo": 4}}, {"pk": 34, "model": "app.articulo", "fields": {"unidadmedida": 1, "iva": 16, "preciocosto": "6.71", "cantidadinventario": 17, "precioventa": "10.00", "descripcion": "ESCUIS HIERRO", "codigo": "7501055328154", "tipoarticulo": 1, "marcaarticulo": 4}}, {"pk": 35, "model": "app.articulo", "fields": {"unidadmedida": 1, "iva": 16, "preciocosto": "6.71", "cantidadinventario": 41, "precioventa": "10.00", "descripcion": "ESCUIS PI\u00d1A", "codigo": "7501055328116", "tipoarticulo": 1, "marcaarticulo": 4}}, {"pk": 36, "model": "app.articulo", "fields": {"unidadmedida": 1, "iva": 16, "preciocosto": "6.71", "cantidadinventario": 11, "precioventa": "10.00", "descripcion": "ESCUIS MANZANA", "codigo": "7501055328031", "tipoarticulo": 1, "marcaarticulo": 4}}, {"pk": 37, "model": "app.articulo", "fields": {"unidadmedida": 1, "iva": 16, "preciocosto": "6.71", "cantidadinventario": -2, "precioventa": "10.00", "descripcion": "SIDRAL MUNDET", "codigo": "7501055339983", "tipoarticulo": 1, "marcaarticulo": 4}}, {"pk": 38, "model": "app.articulo", "fields": {"unidadmedida": 1, "iva": 16, "preciocosto": "6.71", "cantidadinventario": 23, "precioventa": "10.00", "descripcion": "DELAWARE PUNCH", "codigo": "7501055304653", "tipoarticulo": 1, "marcaarticulo": 4}}, {"pk": 39, "model": "app.articulo", "fields": {"unidadmedida": 1, "iva": 16, "preciocosto": "6.71", "cantidadinventario": 40, "precioventa": "10.00", "descripcion": "FRESCA", "codigo": "7501055303786", "tipoarticulo": 1, "marcaarticulo": 4}}, {"pk": 40, "model": "app.articulo", "fields": {"unidadmedida": 1, "iva": 16, "preciocosto": "6.71", "cantidadinventario": 0, "precioventa": "10.00", "descripcion": "FANTA", "codigo": "7501055303779", "tipoarticulo": 1, "marcaarticulo": 4}}, {"pk": 41, "model": "app.articulo", "fields": {"unidadmedida": 1, "iva": 16, "preciocosto": "9.41", "cantidadinventario": 11, "precioventa": "13.00", "descripcion": "POWERADE SABOR FRUTAS", "codigo": "7501055329298", "tipoarticulo": 5, "marcaarticulo": 4}}, {"pk": 42, "model": "app.articulo", "fields": {"unidadmedida": 1, "iva": 16, "preciocosto": "9.41", "cantidadinventario": 0, "precioventa": "13.00", "descripcion": "POWERADE SABOR NARANJA-MANDARINA", "codigo": "7501055329380", "tipoarticulo": 5, "marcaarticulo": 4}}, {"pk": 43, "model": "app.articulo", "fields": {"unidadmedida": 1, "iva": 16, "preciocosto": "9.41", "cantidadinventario": 11, "precioventa": "13.00", "descripcion": "POWERADE SABOR LIMA-LIMON", "codigo": "7501055329328", "tipoarticulo": 5, "marcaarticulo": 4}}, {"pk": 44, "model": "app.articulo", "fields": {"unidadmedida": 1, "iva": 16, "preciocosto": "9.41", "cantidadinventario": 5, "precioventa": "13.00", "descripcion": "POWERADE SABOR MORAS", "codigo": "7501055329267", "tipoarticulo": 5, "marcaarticulo": 4}}, {"pk": 45, "model": "app.articulo", "fields": {"unidadmedida": 1, "iva": 16, "preciocosto": "6.71", "cantidadinventario": 92, "precioventa": "10.00", "descripcion": "SPRITE", "codigo": "7501055305629", "tipoarticulo": 1, "marcaarticulo": 4}}, {"pk": 46, "model": "app.articulo", "fields": {"unidadmedida": 1, "iva": 16, "preciocosto": "6.93", "cantidadinventario": 31, "precioventa": "10.00", "descripcion": "COCA COLA LIGHT", "codigo": "7501055305339", "tipoarticulo": 1, "marcaarticulo": 4}}, {"pk": 47, "model": "app.articulo", "fields": {"unidadmedida": 1, "iva": 16, "preciocosto": "6.57", "cantidadinventario": 13, "precioventa": "10.00", "descripcion": "COCA COLA ZERO", "codigo": "7501055320639", "tipoarticulo": 1, "marcaarticulo": 4}}, {"pk": 48, "model": "app.articulo", "fields": {"unidadmedida": 1, "iva": 16, "preciocosto": "6.93", "cantidadinventario": 190, "precioventa": "10.00", "descripcion": "COCA COLA", "codigo": "75007614", "tipoarticulo": 1, "marcaarticulo": 4}}, {"pk": 49, "model": "app.articulo", "fields": {"unidadmedida": 1, "iva": 16, "preciocosto": "6.18", "cantidadinventario": 0, "precioventa": "10.00", "descripcion": "COCA COLA LIFE LATA", "codigo": "7501055349296", "tipoarticulo": 1, "marcaarticulo": 4}}, {"pk": 50, "model": "app.articulo", "fields": {"unidadmedida": 1, "iva": 16, "preciocosto": "8.00", "cantidadinventario": -6, "precioventa": "12.00", "descripcion": "DEL VALLE DURAZNO LATA", "codigo": "7501055334018", "tipoarticulo": 5, "marcaarticulo": 4}}, {"pk": 51, "model": "app.articulo", "fields": {"unidadmedida": 1, "iva": 16, "preciocosto": "8.00", "cantidadinventario": 3, "precioventa": "12.00", "descripcion": "DEL VALLE MANGO LATA", "codigo": "7501055334001", "tipoarticulo": 5, "marcaarticulo": 4}}, {"pk": 52, "model": "app.articulo", "fields": {"unidadmedida": 1, "iva": 16, "preciocosto": "8.00", "cantidadinventario": 0, "precioventa": "12.00", "descripcion": "DEL VALLE GUAYABA LATA", "codigo": "7501055334025", "tipoarticulo": 5, "marcaarticulo": 4}}, {"pk": 53, "model": "app.articulo", "fields": {"unidadmedida": 1, "iva": 16, "preciocosto": "7.50", "cantidadinventario": 7, "precioventa": "10.00", "descripcion": "DEL VALLE MANGO BOTELLA VD", "codigo": "032239052000", "tipoarticulo": 5, "marcaarticulo": 4}}, {"pk": 54, "model": "app.articulo", "fields": {"unidadmedida": 1, "iva": 16, "preciocosto": "7.50", "cantidadinventario": 25, "precioventa": "10.00", "descripcion": "DEL VALLE DURAZNO BOTELLA VD", "codigo": "032239052017", "tipoarticulo": 5, "marcaarticulo": 4}}, {"pk": 55, "model": "app.articulo", "fields": {"unidadmedida": 1, "iva": 16, "preciocosto": "7.50", "cantidadinventario": 0, "precioventa": "10.00", "descripcion": "DEL VALLE MANZANA NECTAR CLARIFICADO BOTELLA VD", "codigo": "032239052147", "tipoarticulo": 5, "marcaarticulo": 4}}, {"pk": 56, "model": "app.articulo", "fields": {"unidadmedida": 1, "iva": 16, "preciocosto": "7.50", "cantidadinventario": 15, "precioventa": "10.00", "descripcion": "DEL VALLE MANZANA NECTAR BOTELLA VD", "codigo": "032239052024", "tipoarticulo": 5, "marcaarticulo": 4}}, {"pk": 57, "model": "app.articulo", "fields": {"unidadmedida": 1, "iva": 8, "preciocosto": "5.38", "cantidadinventario": 8, "precioventa": "10.00", "descripcion": "SUAVI CREMAS SABOR FRESA", "codigo": "7501030496656", "tipoarticulo": 3, "marcaarticulo": 2}}, {"pk": 58, "model": "app.articulo", "fields": {"unidadmedida": 1, "iva": 8, "preciocosto": "5.38", "cantidadinventario": -3, "precioventa": "10.00", "descripcion": "SUAVI CREMAS SABOR CHOCOLATE", "codigo": "7501030496663", "tipoarticulo": 3, "marcaarticulo": 2}}, {"pk": 59, "model": "app.articulo", "fields": {"unidadmedida": 1, "iva": 8, "preciocosto": "5.38", "cantidadinventario": 20, "precioventa": "10.00", "descripcion": "SUAVI CREMAS SABOR VAINILLA", "codigo": "7501030496649", "tipoarticulo": 3, "marcaarticulo": 2}}, {"pk": 60, "model": "app.articulo", "fields": {"unidadmedida": 1, "iva": 8, "preciocosto": "7.78", "cantidadinventario": 4, "precioventa": "12.00", "descripcion": "GALLETAS PRINCIPE", "codigo": "7501000128167", "tipoarticulo": 3, "marcaarticulo": 2}}, {"pk": 61, "model": "app.articulo", "fields": {"unidadmedida": 1, "iva": 8, "preciocosto": "9.35", "cantidadinventario": 12, "precioventa": "12.00", "descripcion": "GALLETAS SPONCH", "codigo": "7501000138944", "tipoarticulo": 3, "marcaarticulo": 2}}, {"pk": 62, "model": "app.articulo", "fields": {"unidadmedida": 1, "iva": 8, "preciocosto": "6.25", "cantidadinventario": 49, "precioventa": "10.00", "descripcion": "GALLETAS CANELITAS", "codigo": "7501030491644", "tipoarticulo": 3, "marcaarticulo": 2}}, {"pk": 63, "model": "app.articulo", "fields": {"unidadmedida": 1, "iva": 8, "preciocosto": "7.04", "cantidadinventario": 14, "precioventa": "10.00", "descripcion": "GALLETAS PLATI-VOLOS", "codigo": "7501000128174", "tipoarticulo": 3, "marcaarticulo": 2}}, {"pk": 64, "model": "app.articulo", "fields": {"unidadmedida": 1, "iva": 8, "preciocosto": "7.04", "cantidadinventario": -4, "precioventa": "10.00", "descripcion": "GALLETAS LORDS", "codigo": "7501000127344", "tipoarticulo": 3, "marcaarticulo": 2}}, {"pk": 65, "model": "app.articulo", "fields": {"unidadmedida": 1, "iva": 8, "preciocosto": "6.25", "cantidadinventario": 37, "precioventa": "10.00", "descripcion": "GALLETAS POLVO-RONES", "codigo": "7501030490951", "tipoarticulo": 3, "marcaarticulo": 2}}, {"pk": 66, "model": "app.articulo", "fields": {"unidadmedida": 1, "iva": 8, "preciocosto": "6.15", "cantidadinventario": 32, "precioventa": "10.00", "descripcion": "TRIKI-TRAKES", "codigo": "7501000140855", "tipoarticulo": 3, "marcaarticulo": 2}}, {"pk": 67, "model": "app.articulo", "fields": {"unidadmedida": 1, "iva": 8, "preciocosto": "7.04", "cantidadinventario": 13, "precioventa": "10.00", "descripcion": "BARRITAS FRESA SALVADO", "codigo": "7501000355556", "tipoarticulo": 3, "marcaarticulo": 2}}, {"pk": 68, "model": "app.articulo", "fields": {"unidadmedida": 1, "iva": 8, "preciocosto": "6.25", "cantidadinventario": 38, "precioventa": "10.00", "descripcion": "BARRITAS FRESA", "codigo": "7501000133055", "tipoarticulo": 3, "marcaarticulo": 2}}, {"pk": 69, "model": "app.articulo", "fields": {"unidadmedida": 1, "iva": 8, "preciocosto": "4.50", "cantidadinventario": 31, "precioventa": "8.00", "descripcion": "NITO", "codigo": "7501000112784", "tipoarticulo": 3, "marcaarticulo": 2}}, {"pk": 70, "model": "app.articulo", "fields": {"unidadmedida": 1, "iva": 8, "preciocosto": "7.50", "cantidadinventario": 13, "precioventa": "11.00", "descripcion": "CHOCO ROLES", "codigo": "75002275", "tipoarticulo": 3, "marcaarticulo": 2}}, {"pk": 71, "model": "app.articulo", "fields": {"unidadmedida": 1, "iva": 8, "preciocosto": "5.28", "cantidadinventario": 21, "precioventa": "8.00", "descripcion": "GANSITO", "codigo": "7501000153107", "tipoarticulo": 3, "marcaarticulo": 2}}, {"pk": 72, "model": "app.articulo", "fields": {"unidadmedida": 1, "iva": 8, "preciocosto": "7.41", "cantidadinventario": 6, "precioventa": "12.00", "descripcion": "PINGUINOS", "codigo": "7501000153800", "tipoarticulo": 3, "marcaarticulo": 2}}, {"pk": 73, "model": "app.articulo", "fields": {"unidadmedida": 1, "iva": 8, "preciocosto": "8.15", "cantidadinventario": 2, "precioventa": "13.00", "descripcion": "SUBMARINOS FRESA", "codigo": "7501000153374", "tipoarticulo": 3, "marcaarticulo": 2}}, {"pk": 74, "model": "app.articulo", "fields": {"unidadmedida": 1, "iva": 8, "preciocosto": "9.63", "cantidadinventario": 2, "precioventa": "14.00", "descripcion": "PAY CON NUEZ", "codigo": "7501000153541", "tipoarticulo": 3, "marcaarticulo": 2}}, {"pk": 75, "model": "app.articulo", "fields": {"unidadmedida": 1, "iva": 8, "preciocosto": "9.63", "cantidadinventario": 1, "precioventa": "14.00", "descripcion": "PAY CON PI\u00d1A", "codigo": "7501000153503", "tipoarticulo": 3, "marcaarticulo": 2}}, {"pk": 76, "model": "app.articulo", "fields": {"unidadmedida": 1, "iva": 8, "preciocosto": "6.00", "cantidadinventario": 9, "precioventa": "10.00", "descripcion": "NAPOLITANO", "codigo": "75002244", "tipoarticulo": 3, "marcaarticulo": 2}}, {"pk": 77, "model": "app.articulo", "fields": {"unidadmedida": 1, "iva": 8, "preciocosto": "7.06", "cantidadinventario": 42, "precioventa": "10.00", "descripcion": "EMPERADOR CHOCOLATE", "codigo": "7501000626489", "tipoarticulo": 3, "marcaarticulo": 3}}, {"pk": 78, "model": "app.articulo", "fields": {"unidadmedida": 1, "iva": 8, "preciocosto": "7.06", "cantidadinventario": 9, "precioventa": "10.00", "descripcion": "EMPERADOR VAINILLA", "codigo": "7501000626502", "tipoarticulo": 3, "marcaarticulo": 3}}, {"pk": 79, "model": "app.articulo", "fields": {"unidadmedida": 1, "iva": 8, "preciocosto": "7.06", "cantidadinventario": 10, "precioventa": "10.00", "descripcion": "EMPERADOR NUEZ", "codigo": "7501000626526", "tipoarticulo": 3, "marcaarticulo": 3}}, {"pk": 80, "model": "app.articulo", "fields": {"unidadmedida": 1, "iva": 8, "preciocosto": "7.06", "cantidadinventario": 10, "precioventa": "10.00", "descripcion": "EMPERADOR COMBINADO", "codigo": "7501000626540", "tipoarticulo": 3, "marcaarticulo": 3}}, {"pk": 81, "model": "app.articulo", "fields": {"unidadmedida": 1, "iva": 8, "preciocosto": "7.06", "cantidadinventario": 37, "precioventa": "10.00", "descripcion": "EMPERADOR PIRUETAS", "codigo": "7501000626557", "tipoarticulo": 3, "marcaarticulo": 3}}, {"pk": 82, "model": "app.articulo", "fields": {"unidadmedida": 1, "iva": 8, "preciocosto": "7.06", "cantidadinventario": 25, "precioventa": "10.00", "descripcion": "EMPERADOR SENSO", "codigo": "7501000601776", "tipoarticulo": 3, "marcaarticulo": 3}}, {"pk": 83, "model": "app.articulo", "fields": {"unidadmedida": 1, "iva": 8, "preciocosto": "5.49", "cantidadinventario": 13, "precioventa": "10.00", "descripcion": "CREMAX FRESA", "codigo": "7501000606580", "tipoarticulo": 3, "marcaarticulo": 3}}, {"pk": 84, "model": "app.articulo", "fields": {"unidadmedida": 1, "iva": 8, "preciocosto": "5.49", "cantidadinventario": 11, "precioventa": "10.00", "descripcion": "CREMAX VAINILLA", "codigo": "7501000606573", "tipoarticulo": 3, "marcaarticulo": 3}}, {"pk": 85, "model": "app.articulo", "fields": {"unidadmedida": 1, "iva": 8, "preciocosto": "5.49", "cantidadinventario": 8, "precioventa": "10.00", "descripcion": "CREMAX CHOCOLATE ", "codigo": "7501000606566", "tipoarticulo": 3, "marcaarticulo": 3}}, {"pk": 86, "model": "app.articulo", "fields": {"unidadmedida": 1, "iva": 8, "preciocosto": "6.28", "cantidadinventario": 4, "precioventa": "10.00", "descripcion": "FLORENTINA CAJETA", "codigo": "7501000601745", "tipoarticulo": 3, "marcaarticulo": 3}}, {"pk": 87, "model": "app.articulo", "fields": {"unidadmedida": 1, "iva": 8, "preciocosto": "6.28", "cantidadinventario": 0, "precioventa": "10.00", "descripcion": "FLORENTIMAS FRESA", "codigo": "7501000601738", "tipoarticulo": 3, "marcaarticulo": 3}}, {"pk": 88, "model": "app.articulo", "fields": {"unidadmedida": 1, "iva": 8, "preciocosto": "5.49", "cantidadinventario": 14, "precioventa": "10.00", "descripcion": "EMPERADOR ZENTRO FRESA", "codigo": "7501000656172", "tipoarticulo": 3, "marcaarticulo": 3}}, {"pk": 89, "model": "app.articulo", "fields": {"unidadmedida": 1, "iva": 8, "preciocosto": "5.49", "cantidadinventario": 6, "precioventa": "10.00", "descripcion": "EMOERADIR ZENTRO PI\u00d1A", "codigo": "7501000656349", "tipoarticulo": 3, "marcaarticulo": 3}}, {"pk": 90, "model": "app.articulo", "fields": {"unidadmedida": 1, "iva": 8, "preciocosto": "7.06", "cantidadinventario": 7, "precioventa": "10.00", "descripcion": "FRUTS", "codigo": "7501000663705", "tipoarticulo": 3, "marcaarticulo": 3}}, {"pk": 91, "model": "app.articulo", "fields": {"unidadmedida": 1, "iva": 8, "preciocosto": "7.06", "cantidadinventario": 0, "precioventa": "10.00", "descripcion": "CONSEN CHOCOLATE", "codigo": "7501000632886", "tipoarticulo": 3, "marcaarticulo": 3}}, {"pk": 92, "model": "app.articulo", "fields": {"unidadmedida": 1, "iva": 8, "preciocosto": "6.28", "cantidadinventario": 0, "precioventa": "10.00", "descripcion": "ARCOIRIS", "codigo": "7501000635726", "tipoarticulo": 3, "marcaarticulo": 3}}, {"pk": 93, "model": "app.articulo", "fields": {"unidadmedida": 1, "iva": 8, "preciocosto": "7.06", "cantidadinventario": 18, "precioventa": "10.00", "descripcion": "CHOKIS MAX ", "codigo": "7501000604685", "tipoarticulo": 3, "marcaarticulo": 3}}, {"pk": 94, "model": "app.articulo", "fields": {"unidadmedida": 1, "iva": 8, "preciocosto": "6.28", "cantidadinventario": 18, "precioventa": "10.00", "descripcion": "CHOKIS AZUL", "codigo": "7501000635306", "tipoarticulo": 3, "marcaarticulo": 3}}, {"pk": 95, "model": "app.articulo", "fields": {"unidadmedida": 1, "iva": 8, "preciocosto": "7.06", "cantidadinventario": 9, "precioventa": "10.00", "descripcion": "CHOKO CHOKIS", "codigo": "7501000657797", "tipoarticulo": 3, "marcaarticulo": 3}}, {"pk": 96, "model": "app.articulo", "fields": {"unidadmedida": 1, "iva": 0, "preciocosto": "7.74", "cantidadinventario": 731, "precioventa": "10.00", "descripcion": "AGUA CIEL 1 LITRO", "codigo": "7501055308675", "tipoarticulo": 1, "marcaarticulo": 4}}, {"pk": 97, "model": "app.articulo", "fields": {"unidadmedida": 1, "iva": 8, "preciocosto": "5.56", "cantidadinventario": 10, "precioventa": "10.00", "descripcion": "CRUJITOS", "codigo": "7501011142299", "tipoarticulo": 2, "marcaarticulo": 1}}, {"pk": 98, "model": "app.articulo", "fields": {"unidadmedida": 1, "iva": 8, "preciocosto": "7.13", "cantidadinventario": 17, "precioventa": "10.00", "descripcion": "SABRITA SAL", "codigo": "7501011101456", "tipoarticulo": 2, "marcaarticulo": 1}}, {"pk": 99, "model": "app.articulo", "fields": {"unidadmedida": 1, "iva": 8, "preciocosto": "7.13", "cantidadinventario": 2, "precioventa": "10.00", "descripcion": "SABRITAS HABANERO", "codigo": "7501011137431", "tipoarticulo": 2, "marcaarticulo": 1}}, {"pk": 100, "model": "app.articulo", "fields": {"unidadmedida": 1, "iva": 8, "preciocosto": "7.13", "cantidadinventario": 4, "precioventa": "10.00", "descripcion": "SABRITAS CREMA Y ESPECIAS", "codigo": "7501011118119", "tipoarticulo": 2, "marcaarticulo": 1}}, {"pk": 101, "model": "app.articulo", "fields": {"unidadmedida": 1, "iva": 8, "preciocosto": "7.13", "cantidadinventario": 17, "precioventa": "10.00", "descripcion": "SABRITAS FLAMIN HOT", "codigo": "7501011143739", "tipoarticulo": 2, "marcaarticulo": 1}}, {"pk": 102, "model": "app.articulo", "fields": {"unidadmedida": 1, "iva": 8, "preciocosto": "7.13", "cantidadinventario": -4, "precioventa": "10.00", "descripcion": "SABRITAS LIMON", "codigo": "7501011101678", "tipoarticulo": 2, "marcaarticulo": 1}}, {"pk": 103, "model": "app.articulo", "fields": {"unidadmedida": 1, "iva": 8, "preciocosto": "7.13", "cantidadinventario": 14, "precioventa": "10.00", "descripcion": "SABRITAS ADOBADAS", "codigo": "7501011101463", "tipoarticulo": 2, "marcaarticulo": 1}}, {"pk": 104, "model": "app.articulo", "fields": {"unidadmedida": 1, "iva": 8, "preciocosto": "7.13", "cantidadinventario": 68, "precioventa": "10.00", "descripcion": "RUFFLES QUESO", "codigo": "7501011104099", "tipoarticulo": 2, "marcaarticulo": 1}}, {"pk": 105, "model": "app.articulo", "fields": {"unidadmedida": 1, "iva": 8, "preciocosto": "6.34", "cantidadinventario": 57, "precioventa": "10.00", "descripcion": "DORITOS NACHOS", "codigo": "7501011123588", "tipoarticulo": 2, "marcaarticulo": 1}}, {"pk": 106, "model": "app.articulo", "fields": {"unidadmedida": 1, "iva": 8, "preciocosto": "6.34", "cantidadinventario": 2, "precioventa": "10.00", "descripcion": "DORITOS PIZZEROLAS", "codigo": "7501011123380", "tipoarticulo": 2, "marcaarticulo": 1}}, {"pk": 107, "model": "app.articulo", "fields": {"unidadmedida": 1, "iva": 8, "preciocosto": "6.34", "cantidadinventario": 11, "precioventa": "10.00", "descripcion": "DORITOS FLAMIN HOT", "codigo": "7501011130272", "tipoarticulo": 2, "marcaarticulo": 1}}, {"pk": 108, "model": "app.articulo", "fields": {"unidadmedida": 1, "iva": 8, "preciocosto": "6.34", "cantidadinventario": 9, "precioventa": "10.00", "descripcion": "DORITOS 3D", "codigo": "7501011163706", "tipoarticulo": 2, "marcaarticulo": 1}}, {"pk": 109, "model": "app.articulo", "fields": {"unidadmedida": 1, "iva": 8, "preciocosto": "5.56", "cantidadinventario": 13, "precioventa": "10.00", "descripcion": "FRITOS SAL Y LIMON ", "codigo": "7501011110335", "tipoarticulo": 2, "marcaarticulo": 1}}, {"pk": 110, "model": "app.articulo", "fields": {"unidadmedida": 1, "iva": 8, "preciocosto": "5.56", "cantidadinventario": 7, "precioventa": "10.00", "descripcion": "FRITOS CHILE Y LIMON", "codigo": "7501011116252", "tipoarticulo": 2, "marcaarticulo": 1}}, {"pk": 111, "model": "app.articulo", "fields": {"unidadmedida": 1, "iva": 8, "preciocosto": "7.13", "cantidadinventario": -6, "precioventa": "10.00", "descripcion": "RUFFLES MEGA CRUMCH", "codigo": "7501011144156", "tipoarticulo": 2, "marcaarticulo": 1}}, {"pk": 112, "model": "app.articulo", "fields": {"unidadmedida": 1, "iva": 8, "preciocosto": "7.13", "cantidadinventario": 27, "precioventa": "10.00", "descripcion": "RUFFLES AZUL ORIGINAL", "codigo": "7501011102095", "tipoarticulo": 2, "marcaarticulo": 1}}, {"pk": 113, "model": "app.articulo", "fields": {"unidadmedida": 1, "iva": 8, "preciocosto": "4.76", "cantidadinventario": 7, "precioventa": "8.00", "descripcion": "CHEETOS TORCIDITOS", "codigo": "7501011143586", "tipoarticulo": 2, "marcaarticulo": 1}}, {"pk": 114, "model": "app.articulo", "fields": {"unidadmedida": 1, "iva": 8, "preciocosto": "4.76", "cantidadinventario": 4, "precioventa": "8.00", "descripcion": "CHEETOS FLAMIN HOT", "codigo": "7501011143753", "tipoarticulo": 2, "marcaarticulo": 1}}, {"pk": 115, "model": "app.articulo", "fields": {"unidadmedida": 1, "iva": 8, "preciocosto": "4.76", "cantidadinventario": 8, "precioventa": "8.00", "descripcion": "CHEETOS NACHOS", "codigo": "7501011143999", "tipoarticulo": 2, "marcaarticulo": 1}}, {"pk": 116, "model": "app.articulo", "fields": {"unidadmedida": 1, "iva": 8, "preciocosto": "6.34", "cantidadinventario": 6, "precioventa": "10.00", "descripcion": "DORITOS INCOGNITA", "codigo": "7501011123878", "tipoarticulo": 2, "marcaarticulo": 1}}, {"pk": 117, "model": "app.articulo", "fields": {"unidadmedida": 1, "iva": 8, "preciocosto": "8.71", "cantidadinventario": 6, "precioventa": "12.00", "descripcion": "KATANA CACAHUATE", "codigo": "7501011141605", "tipoarticulo": 2, "marcaarticulo": 1}}, {"pk": 118, "model": "app.articulo", "fields": {"unidadmedida": 1, "iva": 8, "preciocosto": "7.13", "cantidadinventario": 7, "precioventa": "12.00", "descripcion": "PAKETAXO MEZCLADITO", "codigo": "7501011148963", "tipoarticulo": 2, "marcaarticulo": 1}}, {"pk": 119, "model": "app.articulo", "fields": {"unidadmedida": 1, "iva": 0, "preciocosto": "8.80", "cantidadinventario": 39, "precioventa": "12.00", "descripcion": "CHOCOLALA", "codigo": "7501020526004", "tipoarticulo": 4, "marcaarticulo": 5}}, {"pk": 120, "model": "app.articulo", "fields": {"unidadmedida": 1, "iva": 0, "preciocosto": "5.50", "cantidadinventario": 9, "precioventa": "10.00", "descripcion": "YOGHURT FRESA", "codigo": "7501020539400", "tipoarticulo": 4, "marcaarticulo": 5}}, {"pk": 121, "model": "app.articulo", "fields": {"unidadmedida": 1, "iva": 0, "preciocosto": "5.50", "cantidadinventario": 8, "precioventa": "10.00", "descripcion": "YOGHURT PI\u00d1A COCO", "codigo": "7501020539448", "tipoarticulo": 4, "marcaarticulo": 5}}, {"pk": 122, "model": "app.articulo", "fields": {"unidadmedida": 1, "iva": 8, "preciocosto": "6.94", "cantidadinventario": 8, "precioventa": "10.00", "descripcion": "GALLETA MARIA", "codigo": "7501000658923", "tipoarticulo": 3, "marcaarticulo": 3}}, {"pk": 123, "model": "app.articulo", "fields": {"unidadmedida": 1, "iva": 8, "preciocosto": "6.28", "cantidadinventario": 1, "precioventa": "10.00", "descripcion": "CRACKETS", "codigo": "7501000629770", "tipoarticulo": 3, "marcaarticulo": 3}}, {"pk": 124, "model": "app.articulo", "fields": {"unidadmedida": 1, "iva": 8, "preciocosto": "6.28", "cantidadinventario": 4, "precioventa": "10.00", "descripcion": "MARAVILLA", "codigo": "7501000641482", "tipoarticulo": 3, "marcaarticulo": 3}}, {"pk": 125, "model": "app.articulo", "fields": {"unidadmedida": 1, "iva": 8, "preciocosto": "6.76", "cantidadinventario": 11, "precioventa": "10.00", "descripcion": "ROLLO DE FRESA", "codigo": "7501000153459", "tipoarticulo": 3, "marcaarticulo": 2}}, {"pk": 126, "model": "app.articulo", "fields": {"unidadmedida": 1, "iva": 8, "preciocosto": "6.25", "cantidadinventario": 35, "precioventa": "10.00", "descripcion": "BARRITAS PI\u00d1A", "codigo": "7501000133031", "tipoarticulo": 3, "marcaarticulo": 2}}, {"pk": 127, "model": "app.articulo", "fields": {"unidadmedida": 1, "iva": 8, "preciocosto": "8.15", "cantidadinventario": 8, "precioventa": "13.00", "descripcion": "SUBMARINOS VAINILLA", "codigo": "7501000153282", "tipoarticulo": 3, "marcaarticulo": 2}}, {"pk": 128, "model": "app.articulo", "fields": {"unidadmedida": 1, "iva": 16, "preciocosto": "6.93", "cantidadinventario": 12, "precioventa": "10.00", "descripcion": "COCA COLA LIFE", "codigo": "7501055348893", "tipoarticulo": 1, "marcaarticulo": 4}}, {"pk": 129, "model": "app.articulo", "fields": {"unidadmedida": 1, "iva": 16, "preciocosto": "6.92", "cantidadinventario": 22, "precioventa": "10.00", "descripcion": "DEL VALLE FRUT CON JUGO LIMON", "codigo": "7501055346387", "tipoarticulo": 5, "marcaarticulo": 4}}, {"pk": 130, "model": "app.articulo", "fields": {"unidadmedida": 1, "iva": 8, "preciocosto": "5.49", "cantidadinventario": 10, "precioventa": "10.00", "descripcion": "POLVORONES NARANJA", "codigo": "7501000610280", "tipoarticulo": 3, "marcaarticulo": 3}}, {"pk": 131, "model": "app.articulo", "fields": {"unidadmedida": 1, "iva": 8, "preciocosto": "5.49", "cantidadinventario": 8, "precioventa": "10.00", "descripcion": "POLVORONES GLASEADO", "codigo": "7501000624225", "tipoarticulo": 3, "marcaarticulo": 3}}, {"pk": 132, "model": "app.articulo", "fields": {"unidadmedida": 1, "iva": 8, "preciocosto": "7.13", "cantidadinventario": 13, "precioventa": "12.00", "descripcion": "TOSTI ELOTE", "codigo": "7501011121362", "tipoarticulo": 2, "marcaarticulo": 1}}, {"pk": 133, "model": "app.articulo", "fields": {"unidadmedida": 1, "iva": 8, "preciocosto": "7.13", "cantidadinventario": 12, "precioventa": "12.00", "descripcion": "TOSTITOS FLAMIN HOT", "codigo": "7501011126879", "tipoarticulo": 2, "marcaarticulo": 1}}, {"pk": 134, "model": "app.articulo", "fields": {"unidadmedida": 1, "iva": 8, "preciocosto": "7.13", "cantidadinventario": 12, "precioventa": "12.00", "descripcion": "TOSTITOS SALSA VERDE", "codigo": "7501011127012", "tipoarticulo": 2, "marcaarticulo": 1}}, {"pk": 135, "model": "app.articulo", "fields": {"unidadmedida": 1, "iva": 8, "preciocosto": "7.13", "cantidadinventario": 5, "precioventa": "10.00", "descripcion": "RUFFLES MEGA CRUMCH VERDES", "codigo": "7501011144132", "tipoarticulo": 2, "marcaarticulo": 1}}, {"pk": 136, "model": "app.articulo", "fields": {"unidadmedida": 1, "iva": 8, "preciocosto": "6.28", "cantidadinventario": 5, "precioventa": "10.00", "descripcion": "GIRO", "codigo": "7501000639625", "tipoarticulo": 3, "marcaarticulo": 3}}, {"pk": 137, "model": "app.articulo", "fields": {"unidadmedida": 1, "iva": 8, "preciocosto": "7.71", "cantidadinventario": 5, "precioventa": "12.00", "descripcion": "VUALA CHOCOLATE", "codigo": "7501000628933", "tipoarticulo": 3, "marcaarticulo": 3}}, {"pk": 138, "model": "app.articulo", "fields": {"unidadmedida": 1, "iva": 8, "preciocosto": "7.71", "cantidadinventario": 5, "precioventa": "12.00", "descripcion": "VUALA CAJETA", "codigo": "7501000633241", "tipoarticulo": 3, "marcaarticulo": 3}}, {"pk": 139, "model": "app.articulo", "fields": {"unidadmedida": 1, "iva": 8, "preciocosto": "6.28", "cantidadinventario": 6, "precioventa": "10.00", "descripcion": "BARRAS DE COCO", "codigo": "7501000669509", "tipoarticulo": 3, "marcaarticulo": 3}}, {"pk": 9, "model": "app.ventacompra", "fields": {"fecha": "2014-10-11T18:17:45Z", "compraventa": false, "usuario": 1}}, {"pk": 10, "model": "app.ventacompra", "fields": {"fecha": "2014-10-11T18:25:28Z", "compraventa": false, "usuario": 1}}, {"pk": 11, "model": "app.ventacompra", "fields": {"fecha": "2014-10-11T18:26:24Z", "compraventa": false, "usuario": 1}}, {"pk": 12, "model": "app.ventacompra", "fields": {"fecha": "2014-10-11T19:12:25Z", "compraventa": false, "usuario": 1}}, {"pk": 13, "model": "app.ventacompra", "fields": {"fecha": "2014-10-11T19:47:16Z", "compraventa": false, "usuario": 1}}, {"pk": 14, "model": "app.ventacompra", "fields": {"fecha": "2014-10-11T19:57:36Z", "compraventa": false, "usuario": 1}}, {"pk": 15, "model": "app.ventacompra", "fields": {"fecha": "2014-10-11T20:03:06Z", "compraventa": false, "usuario": 1}}, {"pk": 16, "model": "app.ventacompra", "fields": {"fecha": "2014-10-11T20:12:14Z", "compraventa": false, "usuario": 1}}, {"pk": 17, "model": "app.ventacompra", "fields": {"fecha": "2014-10-11T20:41:01Z", "compraventa": true, "usuario": 2}}, {"pk": 18, "model": "app.ventacompra", "fields": {"fecha": "2014-10-13T13:55:25Z", "compraventa": true, "usuario": 4}}, {"pk": 19, "model": "app.ventacompra", "fields": {"fecha": "2014-10-13T13:58:59Z", "compraventa": true, "usuario": 4}}, {"pk": 20, "model": "app.ventacompra", "fields": {"fecha": "2014-10-13T14:01:29Z", "compraventa": true, "usuario": 4}}, {"pk": 21, "model": "app.ventacompra", "fields": {"fecha": "2014-10-13T14:05:11Z", "compraventa": true, "usuario": 4}}, {"pk": 22, "model": "app.ventacompra", "fields": {"fecha": "2014-10-13T14:20:19Z", "compraventa": true, "usuario": 4}}, {"pk": 23, "model": "app.ventacompra", "fields": {"fecha": "2014-10-13T14:32:51Z", "compraventa": true, "usuario": 4}}, {"pk": 24, "model": "app.ventacompra", "fields": {"fecha": "2014-10-13T14:37:53Z", "compraventa": true, "usuario": 4}}, {"pk": 25, "model": "app.ventacompra", "fields": {"fecha": "2014-10-13T14:43:05Z", "compraventa": true, "usuario": 4}}, {"pk": 26, "model": "app.ventacompra", "fields": {"fecha": "2014-10-13T14:46:31Z", "compraventa": false, "usuario": 1}}, {"pk": 27, "model": "app.ventacompra", "fields": {"fecha": "2014-10-13T14:54:25Z", "compraventa": true, "usuario": 4}}, {"pk": 28, "model": "app.ventacompra", "fields": {"fecha": "2014-10-13T14:57:59Z", "compraventa": true, "usuario": 4}}, {"pk": 29, "model": "app.ventacompra", "fields": {"fecha": "2014-10-13T15:00:45Z", "compraventa": true, "usuario": 4}}, {"pk": 30, "model": "app.ventacompra", "fields": {"fecha": "2014-10-13T15:05:06Z", "compraventa": true, "usuario": 4}}, {"pk": 31, "model": "app.ventacompra", "fields": {"fecha": "2014-10-13T15:09:10Z", "compraventa": true, "usuario": 4}}, {"pk": 32, "model": "app.ventacompra", "fields": {"fecha": "2014-10-13T15:12:14Z", "compraventa": false, "usuario": 1}}, {"pk": 33, "model": "app.ventacompra", "fields": {"fecha": "2014-10-13T15:19:55Z", "compraventa": false, "usuario": 1}}, {"pk": 34, "model": "app.ventacompra", "fields": {"fecha": "2014-10-13T15:20:12Z", "compraventa": true, "usuario": 4}}, {"pk": 35, "model": "app.ventacompra", "fields": {"fecha": "2014-10-13T17:07:07Z", "compraventa": true, "usuario": 4}}, {"pk": 36, "model": "app.ventacompra", "fields": {"fecha": "2014-10-13T17:12:44Z", "compraventa": true, "usuario": 4}}, {"pk": 37, "model": "app.ventacompra", "fields": {"fecha": "2014-10-13T17:15:09Z", "compraventa": true, "usuario": 4}}, {"pk": 38, "model": "app.ventacompra", "fields": {"fecha": "2014-10-13T17:18:54Z", "compraventa": true, "usuario": 4}}, {"pk": 39, "model": "app.ventacompra", "fields": {"fecha": "2014-10-13T17:24:49Z", "compraventa": true, "usuario": 4}}, {"pk": 40, "model": "app.ventacompra", "fields": {"fecha": "2014-10-13T17:26:30Z", "compraventa": true, "usuario": 4}}, {"pk": 41, "model": "app.ventacompra", "fields": {"fecha": "2014-10-13T17:27:41Z", "compraventa": true, "usuario": 4}}, {"pk": 42, "model": "app.ventacompra", "fields": {"fecha": "2014-10-13T17:35:05Z", "compraventa": true, "usuario": 5}}, {"pk": 43, "model": "app.ventacompra", "fields": {"fecha": "2014-10-13T17:38:28Z", "compraventa": true, "usuario": 5}}, {"pk": 44, "model": "app.ventacompra", "fields": {"fecha": "2014-10-13T17:44:33Z", "compraventa": false, "usuario": 5}}, {"pk": 45, "model": "app.ventacompra", "fields": {"fecha": "2014-10-13T17:50:07Z", "compraventa": true, "usuario": 5}}, {"pk": 46, "model": "app.ventacompra", "fields": {"fecha": "2014-10-13T17:54:06Z", "compraventa": true, "usuario": 5}}, {"pk": 47, "model": "app.ventacompra", "fields": {"fecha": "2014-10-13T17:56:40Z", "compraventa": false, "usuario": 5}}, {"pk": 48, "model": "app.ventacompra", "fields": {"fecha": "2014-10-13T18:04:26Z", "compraventa": true, "usuario": 5}}, {"pk": 49, "model": "app.ventacompra", "fields": {"fecha": "2014-10-13T18:08:52Z", "compraventa": true, "usuario": 5}}, {"pk": 50, "model": "app.ventacompra", "fields": {"fecha": "2014-10-13T18:17:25Z", "compraventa": true, "usuario": 5}}, {"pk": 51, "model": "app.ventacompra", "fields": {"fecha": "2014-10-13T18:18:37Z", "compraventa": true, "usuario": 5}}, {"pk": 52, "model": "app.ventacompra", "fields": {"fecha": "2014-10-13T19:04:52Z", "compraventa": false, "usuario": 5}}, {"pk": 53, "model": "app.ventacompra", "fields": {"fecha": "2014-10-13T19:08:44Z", "compraventa": true, "usuario": 5}}, {"pk": 54, "model": "app.ventacompra", "fields": {"fecha": "2014-10-13T19:11:58Z", "compraventa": true, "usuario": 5}}, {"pk": 55, "model": "app.ventacompra", "fields": {"fecha": "2014-10-13T19:25:28Z", "compraventa": true, "usuario": 5}}, {"pk": 56, "model": "app.ventacompra", "fields": {"fecha": "2014-10-13T19:27:13Z", "compraventa": true, "usuario": 5}}, {"pk": 57, "model": "app.ventacompra", "fields": {"fecha": "2014-10-13T20:09:04Z", "compraventa": true, "usuario": 5}}, {"pk": 58, "model": "app.ventacompra", "fields": {"fecha": "2014-10-13T20:18:43Z", "compraventa": true, "usuario": 5}}, {"pk": 59, "model": "app.ventacompra", "fields": {"fecha": "2014-10-13T20:21:46Z", "compraventa": false, "usuario": 5}}, {"pk": 60, "model": "app.ventacompra", "fields": {"fecha": "2014-10-13T20:25:45Z", "compraventa": false, "usuario": 5}}, {"pk": 61, "model": "app.ventacompra", "fields": {"fecha": "2014-10-13T20:40:23Z", "compraventa": true, "usuario": 5}}, {"pk": 62, "model": "app.ventacompra", "fields": {"fecha": "2014-10-13T20:45:57Z", "compraventa": true, "usuario": 5}}, {"pk": 63, "model": "app.ventacompra", "fields": {"fecha": "2014-10-13T20:57:07Z", "compraventa": true, "usuario": 5}}, {"pk": 64, "model": "app.ventacompra", "fields": {"fecha": "2014-10-13T20:57:09Z", "compraventa": true, "usuario": 5}}, {"pk": 65, "model": "app.ventacompra", "fields": {"fecha": "2014-10-13T20:59:07Z", "compraventa": true, "usuario": 5}}, {"pk": 66, "model": "app.ventacompra", "fields": {"fecha": "2014-10-13T21:07:36Z", "compraventa": true, "usuario": 5}}, {"pk": 67, "model": "app.ventacompra", "fields": {"fecha": "2014-10-13T21:17:20Z", "compraventa": true, "usuario": 5}}, {"pk": 68, "model": "app.ventacompra", "fields": {"fecha": "2014-10-13T21:19:53Z", "compraventa": true, "usuario": 5}}, {"pk": 69, "model": "app.ventacompra", "fields": {"fecha": "2014-10-13T21:35:51Z", "compraventa": true, "usuario": 5}}, {"pk": 70, "model": "app.ventacompra", "fields": {"fecha": "2014-10-13T21:44:04Z", "compraventa": true, "usuario": 5}}, {"pk": 71, "model": "app.ventacompra", "fields": {"fecha": "2014-10-13T21:52:11Z", "compraventa": true, "usuario": 5}}, {"pk": 72, "model": "app.ventacompra", "fields": {"fecha": "2014-10-13T22:00:54Z", "compraventa": true, "usuario": 5}}, {"pk": 73, "model": "app.ventacompra", "fields": {"fecha": "2014-10-13T22:14:39Z", "compraventa": true, "usuario": 5}}, {"pk": 74, "model": "app.ventacompra", "fields": {"fecha": "2014-10-13T22:23:13Z", "compraventa": true, "usuario": 5}}, {"pk": 75, "model": "app.ventacompra", "fields": {"fecha": "2014-10-13T22:28:16Z", "compraventa": true, "usuario": 5}}, {"pk": 76, "model": "app.ventacompra", "fields": {"fecha": "2014-10-13T22:34:49Z", "compraventa": true, "usuario": 5}}, {"pk": 77, "model": "app.ventacompra", "fields": {"fecha": "2014-10-13T22:38:39Z", "compraventa": true, "usuario": 5}}, {"pk": 78, "model": "app.ventacompra", "fields": {"fecha": "2014-10-13T22:40:28Z", "compraventa": true, "usuario": 5}}, {"pk": 79, "model": "app.ventacompra", "fields": {"fecha": "2014-10-13T22:50:09Z", "compraventa": true, "usuario": 5}}, {"pk": 80, "model": "app.ventacompra", "fields": {"fecha": "2014-10-13T22:57:30Z", "compraventa": true, "usuario": 5}}, {"pk": 81, "model": "app.ventacompra", "fields": {"fecha": "2014-10-13T23:06:53Z", "compraventa": true, "usuario": 5}}, {"pk": 82, "model": "app.ventacompra", "fields": {"fecha": "2014-10-13T23:09:26Z", "compraventa": true, "usuario": 5}}, {"pk": 83, "model": "app.ventacompra", "fields": {"fecha": "2014-10-13T23:16:40Z", "compraventa": true, "usuario": 5}}, {"pk": 84, "model": "app.ventacompra", "fields": {"fecha": "2014-10-13T23:30:36Z", "compraventa": true, "usuario": 5}}, {"pk": 85, "model": "app.ventacompra", "fields": {"fecha": "2014-10-13T23:40:24Z", "compraventa": true, "usuario": 5}}, {"pk": 86, "model": "app.ventacompra", "fields": {"fecha": "2014-10-13T23:45:09Z", "compraventa": true, "usuario": 5}}, {"pk": 87, "model": "app.ventacompra", "fields": {"fecha": "2014-10-13T23:51:24Z", "compraventa": true, "usuario": 5}}, {"pk": 88, "model": "app.ventacompra", "fields": {"fecha": "2014-10-13T23:53:37Z", "compraventa": false, "usuario": 5}}, {"pk": 89, "model": "app.ventacompra", "fields": {"fecha": "2014-10-13T23:53:55Z", "compraventa": true, "usuario": 5}}, {"pk": 90, "model": "app.ventacompra", "fields": {"fecha": "2014-10-13T23:57:08Z", "compraventa": true, "usuario": 2}}, {"pk": 15, "model": "app.ventacompraarticulos", "fields": {"iva": 8, "preciocosto": "4.76", "cantidadinventario": 2, "articulo": 113, "precioventa": "8.00", "ventacompra": 9}}, {"pk": 16, "model": "app.ventacompraarticulos", "fields": {"iva": 8, "preciocosto": "4.76", "cantidadinventario": 2, "articulo": 115, "precioventa": "10.00", "ventacompra": 9}}, {"pk": 17, "model": "app.ventacompraarticulos", "fields": {"iva": 8, "preciocosto": "4.76", "cantidadinventario": 5, "articulo": 114, "precioventa": "8.00", "ventacompra": 9}}, {"pk": 18, "model": "app.ventacompraarticulos", "fields": {"iva": 8, "preciocosto": "6.34", "cantidadinventario": 17, "articulo": 105, "precioventa": "10.00", "ventacompra": 10}}, {"pk": 19, "model": "app.ventacompraarticulos", "fields": {"iva": 8, "preciocosto": "6.34", "cantidadinventario": 1, "articulo": 116, "precioventa": "10.00", "ventacompra": 10}}, {"pk": 20, "model": "app.ventacompraarticulos", "fields": {"iva": 8, "preciocosto": "5.56", "cantidadinventario": 2, "articulo": 97, "precioventa": "10.00", "ventacompra": 10}}, {"pk": 21, "model": "app.ventacompraarticulos", "fields": {"iva": 8, "preciocosto": "7.13", "cantidadinventario": 6, "articulo": 112, "precioventa": "10.00", "ventacompra": 10}}, {"pk": 22, "model": "app.ventacompraarticulos", "fields": {"iva": 8, "preciocosto": "6.34", "cantidadinventario": 2, "articulo": 106, "precioventa": "10.00", "ventacompra": 10}}, {"pk": 23, "model": "app.ventacompraarticulos", "fields": {"iva": 8, "preciocosto": "6.34", "cantidadinventario": 3, "articulo": 107, "precioventa": "10.00", "ventacompra": 10}}, {"pk": 24, "model": "app.ventacompraarticulos", "fields": {"iva": 8, "preciocosto": "5.56", "cantidadinventario": 5, "articulo": 109, "precioventa": "10.00", "ventacompra": 10}}, {"pk": 25, "model": "app.ventacompraarticulos", "fields": {"iva": 8, "preciocosto": "7.13", "cantidadinventario": 6, "articulo": 112, "precioventa": "10.00", "ventacompra": 10}}, {"pk": 26, "model": "app.ventacompraarticulos", "fields": {"iva": 8, "preciocosto": "7.13", "cantidadinventario": 46, "articulo": 104, "precioventa": "10.00", "ventacompra": 10}}, {"pk": 27, "model": "app.ventacompraarticulos", "fields": {"iva": 8, "preciocosto": "7.13", "cantidadinventario": 6, "articulo": 99, "precioventa": "10.00", "ventacompra": 10}}, {"pk": 28, "model": "app.ventacompraarticulos", "fields": {"iva": 8, "preciocosto": "7.13", "cantidadinventario": 10, "articulo": 98, "precioventa": "10.00", "ventacompra": 10}}, {"pk": 29, "model": "app.ventacompraarticulos", "fields": {"iva": 8, "preciocosto": "8.71", "cantidadinventario": 4, "articulo": 117, "precioventa": "12.00", "ventacompra": 11}}, {"pk": 30, "model": "app.ventacompraarticulos", "fields": {"iva": 8, "preciocosto": "7.41", "cantidadinventario": 14, "articulo": 72, "precioventa": "12.00", "ventacompra": 12}}, {"pk": 31, "model": "app.ventacompraarticulos", "fields": {"iva": 8, "preciocosto": "5.28", "cantidadinventario": 30, "articulo": 71, "precioventa": "8.00", "ventacompra": 12}}, {"pk": 32, "model": "app.ventacompraarticulos", "fields": {"iva": 8, "preciocosto": "8.15", "cantidadinventario": 4, "articulo": 127, "precioventa": "13.00", "ventacompra": 12}}, {"pk": 33, "model": "app.ventacompraarticulos", "fields": {"iva": 8, "preciocosto": "7.50", "cantidadinventario": 16, "articulo": 70, "precioventa": "11.00", "ventacompra": 12}}, {"pk": 34, "model": "app.ventacompraarticulos", "fields": {"iva": 8, "preciocosto": "9.63", "cantidadinventario": 1, "articulo": 75, "precioventa": "14.00", "ventacompra": 12}}, {"pk": 35, "model": "app.ventacompraarticulos", "fields": {"iva": 8, "preciocosto": "9.63", "cantidadinventario": 6, "articulo": 74, "precioventa": "14.00", "ventacompra": 12}}, {"pk": 36, "model": "app.ventacompraarticulos", "fields": {"iva": 8, "preciocosto": "6.25", "cantidadinventario": 41, "articulo": 65, "precioventa": "10.00", "ventacompra": 12}}, {"pk": 37, "model": "app.ventacompraarticulos", "fields": {"iva": 8, "preciocosto": "7.04", "cantidadinventario": 14, "articulo": 63, "precioventa": "10.00", "ventacompra": 12}}, {"pk": 38, "model": "app.ventacompraarticulos", "fields": {"iva": 8, "preciocosto": "5.38", "cantidadinventario": 10, "articulo": 59, "precioventa": "10.00", "ventacompra": 12}}, {"pk": 39, "model": "app.ventacompraarticulos", "fields": {"iva": 8, "preciocosto": "4.50", "cantidadinventario": 35, "articulo": 69, "precioventa": "8.00", "ventacompra": 12}}, {"pk": 40, "model": "app.ventacompraarticulos", "fields": {"iva": 8, "preciocosto": "6.15", "cantidadinventario": 33, "articulo": 66, "precioventa": "10.00", "ventacompra": 12}}, {"pk": 41, "model": "app.ventacompraarticulos", "fields": {"iva": 8, "preciocosto": "6.25", "cantidadinventario": 63, "articulo": 62, "precioventa": "10.00", "ventacompra": 12}}, {"pk": 42, "model": "app.ventacompraarticulos", "fields": {"iva": 8, "preciocosto": "5.38", "cantidadinventario": 8, "articulo": 57, "precioventa": "10.00", "ventacompra": 12}}, {"pk": 43, "model": "app.ventacompraarticulos", "fields": {"iva": 8, "preciocosto": "5.38", "cantidadinventario": 10, "articulo": 59, "precioventa": "10.00", "ventacompra": 12}}, {"pk": 44, "model": "app.ventacompraarticulos", "fields": {"iva": 8, "preciocosto": "6.00", "cantidadinventario": 3, "articulo": 76, "precioventa": "10.00", "ventacompra": 12}}, {"pk": 45, "model": "app.ventacompraarticulos", "fields": {"iva": 8, "preciocosto": "6.25", "cantidadinventario": 46, "articulo": 68, "precioventa": "10.00", "ventacompra": 12}}, {"pk": 46, "model": "app.ventacompraarticulos", "fields": {"iva": 8, "preciocosto": "7.04", "cantidadinventario": 18, "articulo": 67, "precioventa": "10.00", "ventacompra": 12}}, {"pk": 47, "model": "app.ventacompraarticulos", "fields": {"iva": 8, "preciocosto": "6.00", "cantidadinventario": 3, "articulo": 76, "precioventa": "10.00", "ventacompra": 12}}, {"pk": 48, "model": "app.ventacompraarticulos", "fields": {"iva": 8, "preciocosto": "8.15", "cantidadinventario": 2, "articulo": 73, "precioventa": "13.00", "ventacompra": 12}}, {"pk": 49, "model": "app.ventacompraarticulos", "fields": {"iva": 8, "preciocosto": "6.00", "cantidadinventario": 3, "articulo": 76, "precioventa": "10.00", "ventacompra": 12}}, {"pk": 50, "model": "app.ventacompraarticulos", "fields": {"iva": 8, "preciocosto": "8.15", "cantidadinventario": 4, "articulo": 127, "precioventa": "13.00", "ventacompra": 12}}, {"pk": 51, "model": "app.ventacompraarticulos", "fields": {"iva": 8, "preciocosto": "9.35", "cantidadinventario": 23, "articulo": 61, "precioventa": "12.00", "ventacompra": 12}}, {"pk": 52, "model": "app.ventacompraarticulos", "fields": {"iva": 8, "preciocosto": "7.78", "cantidadinventario": 26, "articulo": 60, "precioventa": "12.00", "ventacompra": 12}}, {"pk": 53, "model": "app.ventacompraarticulos", "fields": {"iva": 16, "preciocosto": "6.93", "cantidadinventario": 31, "articulo": 46, "precioventa": "10.00", "ventacompra": 13}}, {"pk": 54, "model": "app.ventacompraarticulos", "fields": {"iva": 16, "preciocosto": "6.57", "cantidadinventario": 18, "articulo": 47, "precioventa": "10.00", "ventacompra": 13}}, {"pk": 55, "model": "app.ventacompraarticulos", "fields": {"iva": 16, "preciocosto": "6.71", "cantidadinventario": 42, "articulo": 38, "precioventa": "10.00", "ventacompra": 13}}, {"pk": 56, "model": "app.ventacompraarticulos", "fields": {"iva": 16, "preciocosto": "6.93", "cantidadinventario": 312, "articulo": 48, "precioventa": "10.00", "ventacompra": 13}}, {"pk": 57, "model": "app.ventacompraarticulos", "fields": {"iva": 16, "preciocosto": "6.71", "cantidadinventario": 18, "articulo": 33, "precioventa": "10.00", "ventacompra": 13}}, {"pk": 58, "model": "app.ventacompraarticulos", "fields": {"iva": 16, "preciocosto": "6.71", "cantidadinventario": 52, "articulo": 31, "precioventa": "10.00", "ventacompra": 13}}, {"pk": 59, "model": "app.ventacompraarticulos", "fields": {"iva": 16, "preciocosto": "6.71", "cantidadinventario": 24, "articulo": 32, "precioventa": "10.00", "ventacompra": 13}}, {"pk": 60, "model": "app.ventacompraarticulos", "fields": {"iva": 16, "preciocosto": "6.71", "cantidadinventario": 49, "articulo": 35, "precioventa": "10.00", "ventacompra": 13}}, {"pk": 61, "model": "app.ventacompraarticulos", "fields": {"iva": 16, "preciocosto": "6.71", "cantidadinventario": 25, "articulo": 36, "precioventa": "10.00", "ventacompra": 13}}, {"pk": 62, "model": "app.ventacompraarticulos", "fields": {"iva": 16, "preciocosto": "6.71", "cantidadinventario": 18, "articulo": 33, "precioventa": "10.00", "ventacompra": 13}}, {"pk": 63, "model": "app.ventacompraarticulos", "fields": {"iva": 16, "preciocosto": "6.71", "cantidadinventario": 24, "articulo": 32, "precioventa": "10.00", "ventacompra": 13}}, {"pk": 64, "model": "app.ventacompraarticulos", "fields": {"iva": 16, "preciocosto": "6.71", "cantidadinventario": 24, "articulo": 34, "precioventa": "10.00", "ventacompra": 13}}, {"pk": 65, "model": "app.ventacompraarticulos", "fields": {"iva": 16, "preciocosto": "6.71", "cantidadinventario": 13, "articulo": 45, "precioventa": "10.00", "ventacompra": 13}}, {"pk": 66, "model": "app.ventacompraarticulos", "fields": {"iva": 16, "preciocosto": "6.71", "cantidadinventario": 11, "articulo": 39, "precioventa": "10.00", "ventacompra": 13}}, {"pk": 67, "model": "app.ventacompraarticulos", "fields": {"iva": 16, "preciocosto": "6.92", "cantidadinventario": 15, "articulo": 29, "precioventa": "10.00", "ventacompra": 14}}, {"pk": 68, "model": "app.ventacompraarticulos", "fields": {"iva": 16, "preciocosto": "6.92", "cantidadinventario": 39, "articulo": 25, "precioventa": "10.00", "ventacompra": 14}}, {"pk": 69, "model": "app.ventacompraarticulos", "fields": {"iva": 16, "preciocosto": "6.92", "cantidadinventario": 25, "articulo": 27, "precioventa": "10.00", "ventacompra": 14}}, {"pk": 70, "model": "app.ventacompraarticulos", "fields": {"iva": 16, "preciocosto": "6.92", "cantidadinventario": 20, "articulo": 30, "precioventa": "10.00", "ventacompra": 14}}, {"pk": 71, "model": "app.ventacompraarticulos", "fields": {"iva": 16, "preciocosto": "6.92", "cantidadinventario": 28, "articulo": 26, "precioventa": "10.00", "ventacompra": 14}}, {"pk": 72, "model": "app.ventacompraarticulos", "fields": {"iva": 16, "preciocosto": "6.92", "cantidadinventario": 25, "articulo": 129, "precioventa": "10.00", "ventacompra": 14}}, {"pk": 73, "model": "app.ventacompraarticulos", "fields": {"iva": 16, "preciocosto": "7.50", "cantidadinventario": 27, "articulo": 54, "precioventa": "10.00", "ventacompra": 15}}, {"pk": 74, "model": "app.ventacompraarticulos", "fields": {"iva": 16, "preciocosto": "7.50", "cantidadinventario": 16, "articulo": 56, "precioventa": "10.00", "ventacompra": 15}}, {"pk": 75, "model": "app.ventacompraarticulos", "fields": {"iva": 16, "preciocosto": "7.50", "cantidadinventario": 13, "articulo": 53, "precioventa": "10.00", "ventacompra": 15}}, {"pk": 76, "model": "app.ventacompraarticulos", "fields": {"iva": 0, "preciocosto": "8.80", "cantidadinventario": 31, "articulo": 119, "precioventa": "12.00", "ventacompra": 15}}, {"pk": 77, "model": "app.ventacompraarticulos", "fields": {"iva": 16, "preciocosto": "8.00", "cantidadinventario": 8, "articulo": 51, "precioventa": "12.00", "ventacompra": 15}}, {"pk": 78, "model": "app.ventacompraarticulos", "fields": {"iva": 16, "preciocosto": "9.41", "cantidadinventario": 11, "articulo": 44, "precioventa": "13.00", "ventacompra": 15}}, {"pk": 79, "model": "app.ventacompraarticulos", "fields": {"iva": 16, "preciocosto": "9.41", "cantidadinventario": 14, "articulo": 41, "precioventa": "13.00", "ventacompra": 15}}, {"pk": 80, "model": "app.ventacompraarticulos", "fields": {"iva": 16, "preciocosto": "9.41", "cantidadinventario": 12, "articulo": 43, "precioventa": "13.00", "ventacompra": 15}}, {"pk": 81, "model": "app.ventacompraarticulos", "fields": {"iva": 0, "preciocosto": "5.50", "cantidadinventario": 5, "articulo": 121, "precioventa": "10.00", "ventacompra": 15}}, {"pk": 82, "model": "app.ventacompraarticulos", "fields": {"iva": 16, "preciocosto": "9.50", "cantidadinventario": 21, "articulo": 21, "precioventa": "12.00", "ventacompra": 15}}, {"pk": 83, "model": "app.ventacompraarticulos", "fields": {"iva": 16, "preciocosto": "9.50", "cantidadinventario": 16, "articulo": 24, "precioventa": "12.00", "ventacompra": 15}}, {"pk": 84, "model": "app.ventacompraarticulos", "fields": {"iva": 16, "preciocosto": "9.50", "cantidadinventario": 23, "articulo": 23, "precioventa": "12.00", "ventacompra": 15}}, {"pk": 85, "model": "app.ventacompraarticulos", "fields": {"iva": 0, "preciocosto": "9.50", "cantidadinventario": 19, "articulo": 22, "precioventa": "12.00", "ventacompra": 15}}, {"pk": 86, "model": "app.ventacompraarticulos", "fields": {"iva": 0, "preciocosto": "5.50", "cantidadinventario": 5, "articulo": 121, "precioventa": "10.00", "ventacompra": 15}}, {"pk": 87, "model": "app.ventacompraarticulos", "fields": {"iva": 0, "preciocosto": "5.50", "cantidadinventario": 12, "articulo": 120, "precioventa": "10.00", "ventacompra": 15}}, {"pk": 88, "model": "app.ventacompraarticulos", "fields": {"iva": 0, "preciocosto": "8.80", "cantidadinventario": 31, "articulo": 119, "precioventa": "12.00", "ventacompra": 15}}, {"pk": 89, "model": "app.ventacompraarticulos", "fields": {"iva": 8, "preciocosto": "5.49", "cantidadinventario": 7, "articulo": 88, "precioventa": "10.00", "ventacompra": 16}}, {"pk": 90, "model": "app.ventacompraarticulos", "fields": {"iva": 8, "preciocosto": "7.06", "cantidadinventario": 17, "articulo": 79, "precioventa": "10.00", "ventacompra": 16}}, {"pk": 91, "model": "app.ventacompraarticulos", "fields": {"iva": 8, "preciocosto": "7.06", "cantidadinventario": 13, "articulo": 78, "precioventa": "10.00", "ventacompra": 16}}, {"pk": 92, "model": "app.ventacompraarticulos", "fields": {"iva": 8, "preciocosto": "7.06", "cantidadinventario": 21, "articulo": 81, "precioventa": "10.00", "ventacompra": 16}}, {"pk": 93, "model": "app.ventacompraarticulos", "fields": {"iva": 8, "preciocosto": "7.06", "cantidadinventario": 27, "articulo": 82, "precioventa": "10.00", "ventacompra": 16}}, {"pk": 94, "model": "app.ventacompraarticulos", "fields": {"iva": 8, "preciocosto": "7.06", "cantidadinventario": 12, "articulo": 80, "precioventa": "10.00", "ventacompra": 16}}, {"pk": 95, "model": "app.ventacompraarticulos", "fields": {"iva": 8, "preciocosto": "6.94", "cantidadinventario": 5, "articulo": 122, "precioventa": "10.00", "ventacompra": 16}}, {"pk": 96, "model": "app.ventacompraarticulos", "fields": {"iva": 8, "preciocosto": "5.49", "cantidadinventario": 10, "articulo": 130, "precioventa": "10.00", "ventacompra": 16}}, {"pk": 97, "model": "app.ventacompraarticulos", "fields": {"iva": 8, "preciocosto": "6.28", "cantidadinventario": 3, "articulo": 86, "precioventa": "10.00", "ventacompra": 16}}, {"pk": 98, "model": "app.ventacompraarticulos", "fields": {"iva": 8, "preciocosto": "7.06", "cantidadinventario": 9, "articulo": 95, "precioventa": "10.00", "ventacompra": 16}}, {"pk": 99, "model": "app.ventacompraarticulos", "fields": {"iva": 8, "preciocosto": "7.06", "cantidadinventario": 16, "articulo": 93, "precioventa": "10.00", "ventacompra": 16}}, {"pk": 100, "model": "app.ventacompraarticulos", "fields": {"iva": 8, "preciocosto": "6.28", "cantidadinventario": 20, "articulo": 94, "precioventa": "10.00", "ventacompra": 16}}, {"pk": 101, "model": "app.ventacompraarticulos", "fields": {"iva": 8, "preciocosto": "6.94", "cantidadinventario": 5, "articulo": 122, "precioventa": "10.00", "ventacompra": 16}}, {"pk": 102, "model": "app.ventacompraarticulos", "fields": {"iva": 8, "preciocosto": "6.28", "cantidadinventario": 3, "articulo": 123, "precioventa": "10.00", "ventacompra": 16}}, {"pk": 103, "model": "app.ventacompraarticulos", "fields": {"iva": 8, "preciocosto": "6.28", "cantidadinventario": 5, "articulo": 124, "precioventa": "10.00", "ventacompra": 16}}, {"pk": 104, "model": "app.ventacompraarticulos", "fields": {"iva": 8, "preciocosto": "6.28", "cantidadinventario": 3, "articulo": 86, "precioventa": "10.00", "ventacompra": 16}}, {"pk": 105, "model": "app.ventacompraarticulos", "fields": {"iva": 8, "preciocosto": "6.28", "cantidadinventario": 4, "articulo": 87, "precioventa": "10.00", "ventacompra": 16}}, {"pk": 106, "model": "app.ventacompraarticulos", "fields": {"iva": 8, "preciocosto": "5.49", "cantidadinventario": 13, "articulo": 83, "precioventa": "10.00", "ventacompra": 16}}, {"pk": 107, "model": "app.ventacompraarticulos", "fields": {"iva": 8, "preciocosto": "5.49", "cantidadinventario": 3, "articulo": 84, "precioventa": "10.00", "ventacompra": 16}}, {"pk": 108, "model": "app.ventacompraarticulos", "fields": {"iva": 8, "preciocosto": "7.06", "cantidadinventario": 10, "articulo": 90, "precioventa": "10.00", "ventacompra": 16}}, {"pk": 109, "model": "app.ventacompraarticulos", "fields": {"iva": 8, "preciocosto": "5.49", "cantidadinventario": 7, "articulo": 88, "precioventa": "10.00", "ventacompra": 16}}, {"pk": 110, "model": "app.ventacompraarticulos", "fields": {"iva": 8, "preciocosto": "5.49", "cantidadinventario": 7, "articulo": 89, "precioventa": "10.00", "ventacompra": 16}}, {"pk": 111, "model": "app.ventacompraarticulos", "fields": {"iva": 16, "preciocosto": "6.93", "cantidadinventario": 1, "articulo": 48, "precioventa": "10.00", "ventacompra": 17}}, {"pk": 112, "model": "app.ventacompraarticulos", "fields": {"iva": 16, "preciocosto": "6.93", "cantidadinventario": 1, "articulo": 48, "precioventa": "10.00", "ventacompra": 17}}, {"pk": 113, "model": "app.ventacompraarticulos", "fields": {"iva": 16, "preciocosto": "6.93", "cantidadinventario": 1, "articulo": 48, "precioventa": "10.00", "ventacompra": 17}}, {"pk": 114, "model": "app.ventacompraarticulos", "fields": {"iva": 8, "preciocosto": "6.25", "cantidadinventario": 1, "articulo": 62, "precioventa": "10.00", "ventacompra": 18}}, {"pk": 115, "model": "app.ventacompraarticulos", "fields": {"iva": 0, "preciocosto": "8.80", "cantidadinventario": 1, "articulo": 119, "precioventa": "12.00", "ventacompra": 18}}, {"pk": 116, "model": "app.ventacompraarticulos", "fields": {"iva": 8, "preciocosto": "7.13", "cantidadinventario": 1, "articulo": 104, "precioventa": "10.00", "ventacompra": 18}}, {"pk": 117, "model": "app.ventacompraarticulos", "fields": {"iva": 8, "preciocosto": "6.25", "cantidadinventario": 1, "articulo": 68, "precioventa": "10.00", "ventacompra": 18}}, {"pk": 118, "model": "app.ventacompraarticulos", "fields": {"iva": 8, "preciocosto": "7.06", "cantidadinventario": 1, "articulo": 78, "precioventa": "10.00", "ventacompra": 18}}, {"pk": 119, "model": "app.ventacompraarticulos", "fields": {"iva": 8, "preciocosto": "9.35", "cantidadinventario": 1, "articulo": 61, "precioventa": "12.00", "ventacompra": 18}}, {"pk": 120, "model": "app.ventacompraarticulos", "fields": {"iva": 16, "preciocosto": "9.50", "cantidadinventario": 1, "articulo": 24, "precioventa": "12.00", "ventacompra": 18}}, {"pk": 121, "model": "app.ventacompraarticulos", "fields": {"iva": 8, "preciocosto": "7.13", "cantidadinventario": 1, "articulo": 112, "precioventa": "10.00", "ventacompra": 18}}, {"pk": 122, "model": "app.ventacompraarticulos", "fields": {"iva": 8, "preciocosto": "7.06", "cantidadinventario": 1, "articulo": 78, "precioventa": "10.00", "ventacompra": 18}}, {"pk": 123, "model": "app.ventacompraarticulos", "fields": {"iva": 0, "preciocosto": "8.80", "cantidadinventario": 1, "articulo": 119, "precioventa": "12.00", "ventacompra": 18}}, {"pk": 124, "model": "app.ventacompraarticulos", "fields": {"iva": 8, "preciocosto": "7.78", "cantidadinventario": 1, "articulo": 60, "precioventa": "12.00", "ventacompra": 18}}, {"pk": 125, "model": "app.ventacompraarticulos", "fields": {"iva": 8, "preciocosto": "7.13", "cantidadinventario": 1, "articulo": 104, "precioventa": "10.00", "ventacompra": 18}}, {"pk": 126, "model": "app.ventacompraarticulos", "fields": {"iva": 0, "preciocosto": "8.80", "cantidadinventario": 1, "articulo": 119, "precioventa": "12.00", "ventacompra": 18}}, {"pk": 127, "model": "app.ventacompraarticulos", "fields": {"iva": 0, "preciocosto": "8.80", "cantidadinventario": 1, "articulo": 119, "precioventa": "12.00", "ventacompra": 18}}, {"pk": 128, "model": "app.ventacompraarticulos", "fields": {"iva": 0, "preciocosto": "8.80", "cantidadinventario": 1, "articulo": 119, "precioventa": "12.00", "ventacompra": 18}}, {"pk": 129, "model": "app.ventacompraarticulos", "fields": {"iva": 0, "preciocosto": "8.80", "cantidadinventario": 1, "articulo": 119, "precioventa": "12.00", "ventacompra": 18}}, {"pk": 130, "model": "app.ventacompraarticulos", "fields": {"iva": 8, "preciocosto": "7.13", "cantidadinventario": 1, "articulo": 104, "precioventa": "10.00", "ventacompra": 18}}, {"pk": 131, "model": "app.ventacompraarticulos", "fields": {"iva": 0, "preciocosto": "8.80", "cantidadinventario": 1, "articulo": 119, "precioventa": "12.00", "ventacompra": 18}}, {"pk": 132, "model": "app.ventacompraarticulos", "fields": {"iva": 0, "preciocosto": "8.80", "cantidadinventario": 1, "articulo": 119, "precioventa": "12.00", "ventacompra": 18}}, {"pk": 133, "model": "app.ventacompraarticulos", "fields": {"iva": 0, "preciocosto": "8.80", "cantidadinventario": 1, "articulo": 119, "precioventa": "12.00", "ventacompra": 18}}, {"pk": 134, "model": "app.ventacompraarticulos", "fields": {"iva": 0, "preciocosto": "8.80", "cantidadinventario": 1, "articulo": 119, "precioventa": "12.00", "ventacompra": 18}}, {"pk": 135, "model": "app.ventacompraarticulos", "fields": {"iva": 0, "preciocosto": "8.80", "cantidadinventario": 1, "articulo": 119, "precioventa": "12.00", "ventacompra": 18}}, {"pk": 136, "model": "app.ventacompraarticulos", "fields": {"iva": 0, "preciocosto": "8.80", "cantidadinventario": 1, "articulo": 119, "precioventa": "12.00", "ventacompra": 18}}, {"pk": 137, "model": "app.ventacompraarticulos", "fields": {"iva": 0, "preciocosto": "8.80", "cantidadinventario": 1, "articulo": 119, "precioventa": "12.00", "ventacompra": 18}}, {"pk": 138, "model": "app.ventacompraarticulos", "fields": {"iva": 8, "preciocosto": "7.13", "cantidadinventario": 1, "articulo": 112, "precioventa": "10.00", "ventacompra": 18}}, {"pk": 139, "model": "app.ventacompraarticulos", "fields": {"iva": 0, "preciocosto": "8.80", "cantidadinventario": 1, "articulo": 119, "precioventa": "12.00", "ventacompra": 19}}, {"pk": 140, "model": "app.ventacompraarticulos", "fields": {"iva": 16, "preciocosto": "6.92", "cantidadinventario": 1, "articulo": 25, "precioventa": "10.00", "ventacompra": 19}}, {"pk": 141, "model": "app.ventacompraarticulos", "fields": {"iva": 8, "preciocosto": "7.06", "cantidadinventario": 1, "articulo": 82, "precioventa": "10.00", "ventacompra": 19}}, {"pk": 142, "model": "app.ventacompraarticulos", "fields": {"iva": 8, "preciocosto": "6.28", "cantidadinventario": 1, "articulo": 87, "precioventa": "10.00", "ventacompra": 19}}, {"pk": 143, "model": "app.ventacompraarticulos", "fields": {"iva": 16, "preciocosto": "7.50", "cantidadinventario": 1, "articulo": 53, "precioventa": "10.00", "ventacompra": 19}}, {"pk": 144, "model": "app.ventacompraarticulos", "fields": {"iva": 8, "preciocosto": "7.13", "cantidadinventario": 1, "articulo": 104, "precioventa": "10.00", "ventacompra": 19}}, {"pk": 145, "model": "app.ventacompraarticulos", "fields": {"iva": 16, "preciocosto": "6.71", "cantidadinventario": 1, "articulo": 36, "precioventa": "10.00", "ventacompra": 19}}, {"pk": 146, "model": "app.ventacompraarticulos", "fields": {"iva": 16, "preciocosto": "6.57", "cantidadinventario": 1, "articulo": 47, "precioventa": "10.00", "ventacompra": 19}}, {"pk": 147, "model": "app.ventacompraarticulos", "fields": {"iva": 8, "preciocosto": "6.28", "cantidadinventario": 1, "articulo": 124, "precioventa": "10.00", "ventacompra": 19}}, {"pk": 148, "model": "app.ventacompraarticulos", "fields": {"iva": 8, "preciocosto": "4.50", "cantidadinventario": 1, "articulo": 69, "precioventa": "8.00", "ventacompra": 19}}, {"pk": 149, "model": "app.ventacompraarticulos", "fields": {"iva": 8, "preciocosto": "6.28", "cantidadinventario": 1, "articulo": 87, "precioventa": "10.00", "ventacompra": 19}}, {"pk": 150, "model": "app.ventacompraarticulos", "fields": {"iva": 16, "preciocosto": "9.50", "cantidadinventario": 1, "articulo": 24, "precioventa": "12.00", "ventacompra": 19}}, {"pk": 151, "model": "app.ventacompraarticulos", "fields": {"iva": 8, "preciocosto": "7.50", "cantidadinventario": 1, "articulo": 70, "precioventa": "11.00", "ventacompra": 19}}, {"pk": 152, "model": "app.ventacompraarticulos", "fields": {"iva": 8, "preciocosto": "6.28", "cantidadinventario": 1, "articulo": 87, "precioventa": "10.00", "ventacompra": 19}}, {"pk": 153, "model": "app.ventacompraarticulos", "fields": {"iva": 8, "preciocosto": "7.50", "cantidadinventario": 1, "articulo": 70, "precioventa": "11.00", "ventacompra": 19}}, {"pk": 154, "model": "app.ventacompraarticulos", "fields": {"iva": 16, "preciocosto": "6.93", "cantidadinventario": 1, "articulo": 48, "precioventa": "10.00", "ventacompra": 19}}, {"pk": 155, "model": "app.ventacompraarticulos", "fields": {"iva": 16, "preciocosto": "6.93", "cantidadinventario": 1, "articulo": 48, "precioventa": "10.00", "ventacompra": 19}}, {"pk": 156, "model": "app.ventacompraarticulos", "fields": {"iva": 16, "preciocosto": "6.71", "cantidadinventario": 1, "articulo": 38, "precioventa": "10.00", "ventacompra": 19}}, {"pk": 157, "model": "app.ventacompraarticulos", "fields": {"iva": 16, "preciocosto": "6.57", "cantidadinventario": 1, "articulo": 47, "precioventa": "10.00", "ventacompra": 19}}, {"pk": 158, "model": "app.ventacompraarticulos", "fields": {"iva": 16, "preciocosto": "6.57", "cantidadinventario": 1, "articulo": 47, "precioventa": "10.00", "ventacompra": 20}}, {"pk": 159, "model": "app.ventacompraarticulos", "fields": {"iva": 16, "preciocosto": "6.93", "cantidadinventario": 1, "articulo": 48, "precioventa": "10.00", "ventacompra": 20}}, {"pk": 160, "model": "app.ventacompraarticulos", "fields": {"iva": 8, "preciocosto": "5.49", "cantidadinventario": 1, "articulo": 89, "precioventa": "10.00", "ventacompra": 20}}, {"pk": 161, "model": "app.ventacompraarticulos", "fields": {"iva": 0, "preciocosto": "8.80", "cantidadinventario": 1, "articulo": 119, "precioventa": "12.00", "ventacompra": 20}}, {"pk": 162, "model": "app.ventacompraarticulos", "fields": {"iva": 8, "preciocosto": "7.41", "cantidadinventario": 1, "articulo": 72, "precioventa": "12.00", "ventacompra": 20}}, {"pk": 163, "model": "app.ventacompraarticulos", "fields": {"iva": 0, "preciocosto": "8.80", "cantidadinventario": 1, "articulo": 119, "precioventa": "12.00", "ventacompra": 20}}, {"pk": 164, "model": "app.ventacompraarticulos", "fields": {"iva": 8, "preciocosto": "6.25", "cantidadinventario": 1, "articulo": 62, "precioventa": "10.00", "ventacompra": 20}}, {"pk": 165, "model": "app.ventacompraarticulos", "fields": {"iva": 16, "preciocosto": "9.50", "cantidadinventario": 1, "articulo": 24, "precioventa": "12.00", "ventacompra": 20}}, {"pk": 166, "model": "app.ventacompraarticulos", "fields": {"iva": 16, "preciocosto": "9.50", "cantidadinventario": 1, "articulo": 24, "precioventa": "12.00", "ventacompra": 20}}, {"pk": 167, "model": "app.ventacompraarticulos", "fields": {"iva": 0, "preciocosto": "8.80", "cantidadinventario": 1, "articulo": 119, "precioventa": "12.00", "ventacompra": 21}}, {"pk": 168, "model": "app.ventacompraarticulos", "fields": {"iva": 16, "preciocosto": "6.92", "cantidadinventario": 1, "articulo": 26, "precioventa": "10.00", "ventacompra": 21}}, {"pk": 169, "model": "app.ventacompraarticulos", "fields": {"iva": 16, "preciocosto": "6.71", "cantidadinventario": 1, "articulo": 38, "precioventa": "10.00", "ventacompra": 21}}, {"pk": 170, "model": "app.ventacompraarticulos", "fields": {"iva": 16, "preciocosto": "9.41", "cantidadinventario": 1, "articulo": 44, "precioventa": "13.00", "ventacompra": 21}}, {"pk": 171, "model": "app.ventacompraarticulos", "fields": {"iva": 16, "preciocosto": "9.50", "cantidadinventario": 1, "articulo": 24, "precioventa": "12.00", "ventacompra": 21}}, {"pk": 172, "model": "app.ventacompraarticulos", "fields": {"iva": 8, "preciocosto": "4.76", "cantidadinventario": 1, "articulo": 115, "precioventa": "10.00", "ventacompra": 21}}, {"pk": 173, "model": "app.ventacompraarticulos", "fields": {"iva": 8, "preciocosto": "9.35", "cantidadinventario": 1, "articulo": 61, "precioventa": "12.00", "ventacompra": 21}}, {"pk": 174, "model": "app.ventacompraarticulos", "fields": {"iva": 16, "preciocosto": "6.92", "cantidadinventario": 1, "articulo": 30, "precioventa": "10.00", "ventacompra": 22}}, {"pk": 175, "model": "app.ventacompraarticulos", "fields": {"iva": 8, "preciocosto": "4.50", "cantidadinventario": 1, "articulo": 69, "precioventa": "8.00", "ventacompra": 22}}, {"pk": 176, "model": "app.ventacompraarticulos", "fields": {"iva": 8, "preciocosto": "7.78", "cantidadinventario": 1, "articulo": 60, "precioventa": "12.00", "ventacompra": 23}}, {"pk": 177, "model": "app.ventacompraarticulos", "fields": {"iva": 16, "preciocosto": "6.93", "cantidadinventario": 1, "articulo": 48, "precioventa": "10.00", "ventacompra": 23}}, {"pk": 178, "model": "app.ventacompraarticulos", "fields": {"iva": 16, "preciocosto": "6.93", "cantidadinventario": 1, "articulo": 48, "precioventa": "10.00", "ventacompra": 23}}, {"pk": 179, "model": "app.ventacompraarticulos", "fields": {"iva": 16, "preciocosto": "6.71", "cantidadinventario": 1, "articulo": 45, "precioventa": "10.00", "ventacompra": 24}}, {"pk": 180, "model": "app.ventacompraarticulos", "fields": {"iva": 16, "preciocosto": "6.92", "cantidadinventario": 1, "articulo": 30, "precioventa": "10.00", "ventacompra": 24}}, {"pk": 181, "model": "app.ventacompraarticulos", "fields": {"iva": 8, "preciocosto": "7.13", "cantidadinventario": 1, "articulo": 104, "precioventa": "10.00", "ventacompra": 24}}, {"pk": 182, "model": "app.ventacompraarticulos", "fields": {"iva": 8, "preciocosto": "5.49", "cantidadinventario": 1, "articulo": 84, "precioventa": "10.00", "ventacompra": 25}}, {"pk": 183, "model": "app.ventacompraarticulos", "fields": {"iva": 16, "preciocosto": "8.00", "cantidadinventario": 1, "articulo": 51, "precioventa": "12.00", "ventacompra": 25}}, {"pk": 184, "model": "app.ventacompraarticulos", "fields": {"iva": 16, "preciocosto": "6.93", "cantidadinventario": 1, "articulo": 48, "precioventa": "10.00", "ventacompra": 25}}, {"pk": 185, "model": "app.ventacompraarticulos", "fields": {"iva": 16, "preciocosto": "6.92", "cantidadinventario": 1, "articulo": 29, "precioventa": "10.00", "ventacompra": 25}}, {"pk": 186, "model": "app.ventacompraarticulos", "fields": {"iva": 8, "preciocosto": "7.78", "cantidadinventario": 1, "articulo": 60, "precioventa": "12.00", "ventacompra": 25}}, {"pk": 187, "model": "app.ventacompraarticulos", "fields": {"iva": 8, "preciocosto": "6.25", "cantidadinventario": 35, "articulo": 126, "precioventa": "10.00", "ventacompra": 26}}, {"pk": 188, "model": "app.ventacompraarticulos", "fields": {"iva": 8, "preciocosto": "7.04", "cantidadinventario": 1, "articulo": 67, "precioventa": "10.00", "ventacompra": 27}}, {"pk": 189, "model": "app.ventacompraarticulos", "fields": {"iva": 8, "preciocosto": "6.25", "cantidadinventario": 1, "articulo": 68, "precioventa": "10.00", "ventacompra": 27}}, {"pk": 190, "model": "app.ventacompraarticulos", "fields": {"iva": 16, "preciocosto": "6.92", "cantidadinventario": 1, "articulo": 30, "precioventa": "10.00", "ventacompra": 27}}, {"pk": 191, "model": "app.ventacompraarticulos", "fields": {"iva": 16, "preciocosto": "6.92", "cantidadinventario": 1, "articulo": 30, "precioventa": "10.00", "ventacompra": 27}}, {"pk": 192, "model": "app.ventacompraarticulos", "fields": {"iva": 8, "preciocosto": "7.78", "cantidadinventario": 1, "articulo": 60, "precioventa": "12.00", "ventacompra": 27}}, {"pk": 193, "model": "app.ventacompraarticulos", "fields": {"iva": 8, "preciocosto": "7.41", "cantidadinventario": 1, "articulo": 72, "precioventa": "12.00", "ventacompra": 27}}, {"pk": 194, "model": "app.ventacompraarticulos", "fields": {"iva": 8, "preciocosto": "5.28", "cantidadinventario": 1, "articulo": 71, "precioventa": "8.00", "ventacompra": 27}}, {"pk": 195, "model": "app.ventacompraarticulos", "fields": {"iva": 16, "preciocosto": "6.92", "cantidadinventario": 1, "articulo": 27, "precioventa": "10.00", "ventacompra": 27}}, {"pk": 196, "model": "app.ventacompraarticulos", "fields": {"iva": 8, "preciocosto": "7.13", "cantidadinventario": 1, "articulo": 98, "precioventa": "10.00", "ventacompra": 27}}, {"pk": 197, "model": "app.ventacompraarticulos", "fields": {"iva": 8, "preciocosto": "6.25", "cantidadinventario": 1, "articulo": 62, "precioventa": "10.00", "ventacompra": 27}}, {"pk": 198, "model": "app.ventacompraarticulos", "fields": {"iva": 16, "preciocosto": "6.92", "cantidadinventario": 1, "articulo": 25, "precioventa": "10.00", "ventacompra": 27}}, {"pk": 199, "model": "app.ventacompraarticulos", "fields": {"iva": 16, "preciocosto": "6.92", "cantidadinventario": 1, "articulo": 25, "precioventa": "10.00", "ventacompra": 27}}, {"pk": 200, "model": "app.ventacompraarticulos", "fields": {"iva": 16, "preciocosto": "6.71", "cantidadinventario": 1, "articulo": 39, "precioventa": "10.00", "ventacompra": 27}}, {"pk": 201, "model": "app.ventacompraarticulos", "fields": {"iva": 8, "preciocosto": "5.28", "cantidadinventario": 1, "articulo": 71, "precioventa": "8.00", "ventacompra": 27}}, {"pk": 202, "model": "app.ventacompraarticulos", "fields": {"iva": 8, "preciocosto": "6.25", "cantidadinventario": 1, "articulo": 62, "precioventa": "10.00", "ventacompra": 27}}, {"pk": 203, "model": "app.ventacompraarticulos", "fields": {"iva": 0, "preciocosto": "8.80", "cantidadinventario": 1, "articulo": 119, "precioventa": "12.00", "ventacompra": 27}}, {"pk": 204, "model": "app.ventacompraarticulos", "fields": {"iva": 8, "preciocosto": "7.04", "cantidadinventario": 1, "articulo": 67, "precioventa": "10.00", "ventacompra": 27}}, {"pk": 205, "model": "app.ventacompraarticulos", "fields": {"iva": 16, "preciocosto": "6.93", "cantidadinventario": 1, "articulo": 48, "precioventa": "10.00", "ventacompra": 27}}, {"pk": 206, "model": "app.ventacompraarticulos", "fields": {"iva": 16, "preciocosto": "6.93", "cantidadinventario": 1, "articulo": 48, "precioventa": "10.00", "ventacompra": 27}}, {"pk": 207, "model": "app.ventacompraarticulos", "fields": {"iva": 16, "preciocosto": "6.92", "cantidadinventario": 1, "articulo": 25, "precioventa": "10.00", "ventacompra": 27}}, {"pk": 208, "model": "app.ventacompraarticulos", "fields": {"iva": 8, "preciocosto": "7.06", "cantidadinventario": 1, "articulo": 78, "precioventa": "10.00", "ventacompra": 28}}, {"pk": 209, "model": "app.ventacompraarticulos", "fields": {"iva": 0, "preciocosto": "8.80", "cantidadinventario": 1, "articulo": 119, "precioventa": "12.00", "ventacompra": 28}}, {"pk": 210, "model": "app.ventacompraarticulos", "fields": {"iva": 8, "preciocosto": "7.78", "cantidadinventario": 1, "articulo": 60, "precioventa": "12.00", "ventacompra": 28}}, {"pk": 211, "model": "app.ventacompraarticulos", "fields": {"iva": 16, "preciocosto": "7.50", "cantidadinventario": 1, "articulo": 56, "precioventa": "10.00", "ventacompra": 28}}, {"pk": 212, "model": "app.ventacompraarticulos", "fields": {"iva": 16, "preciocosto": "6.71", "cantidadinventario": 1, "articulo": 31, "precioventa": "10.00", "ventacompra": 28}}, {"pk": 213, "model": "app.ventacompraarticulos", "fields": {"iva": 16, "preciocosto": "9.41", "cantidadinventario": 1, "articulo": 43, "precioventa": "13.00", "ventacompra": 28}}, {"pk": 214, "model": "app.ventacompraarticulos", "fields": {"iva": 16, "preciocosto": "6.71", "cantidadinventario": 1, "articulo": 38, "precioventa": "10.00", "ventacompra": 28}}, {"pk": 215, "model": "app.ventacompraarticulos", "fields": {"iva": 16, "preciocosto": "9.41", "cantidadinventario": 1, "articulo": 41, "precioventa": "13.00", "ventacompra": 28}}, {"pk": 216, "model": "app.ventacompraarticulos", "fields": {"iva": 0, "preciocosto": "9.50", "cantidadinventario": 1, "articulo": 22, "precioventa": "12.00", "ventacompra": 28}}, {"pk": 217, "model": "app.ventacompraarticulos", "fields": {"iva": 0, "preciocosto": "8.80", "cantidadinventario": 1, "articulo": 119, "precioventa": "12.00", "ventacompra": 28}}, {"pk": 218, "model": "app.ventacompraarticulos", "fields": {"iva": 0, "preciocosto": "8.80", "cantidadinventario": 1, "articulo": 119, "precioventa": "12.00", "ventacompra": 28}}, {"pk": 219, "model": "app.ventacompraarticulos", "fields": {"iva": 8, "preciocosto": "4.50", "cantidadinventario": 1, "articulo": 69, "precioventa": "8.00", "ventacompra": 28}}, {"pk": 220, "model": "app.ventacompraarticulos", "fields": {"iva": 16, "preciocosto": "6.71", "cantidadinventario": 1, "articulo": 38, "precioventa": "10.00", "ventacompra": 28}}, {"pk": 221, "model": "app.ventacompraarticulos", "fields": {"iva": 8, "preciocosto": "7.41", "cantidadinventario": 1, "articulo": 72, "precioventa": "12.00", "ventacompra": 28}}, {"pk": 222, "model": "app.ventacompraarticulos", "fields": {"iva": 8, "preciocosto": "7.06", "cantidadinventario": 1, "articulo": 81, "precioventa": "10.00", "ventacompra": 28}}, {"pk": 223, "model": "app.ventacompraarticulos", "fields": {"iva": 8, "preciocosto": "5.28", "cantidadinventario": 1, "articulo": 71, "precioventa": "8.00", "ventacompra": 29}}, {"pk": 224, "model": "app.ventacompraarticulos", "fields": {"iva": 16, "preciocosto": "6.93", "cantidadinventario": 1, "articulo": 48, "precioventa": "10.00", "ventacompra": 29}}, {"pk": 225, "model": "app.ventacompraarticulos", "fields": {"iva": 16, "preciocosto": "6.93", "cantidadinventario": 1, "articulo": 48, "precioventa": "10.00", "ventacompra": 29}}, {"pk": 226, "model": "app.ventacompraarticulos", "fields": {"iva": 16, "preciocosto": "6.92", "cantidadinventario": 1, "articulo": 25, "precioventa": "10.00", "ventacompra": 29}}, {"pk": 227, "model": "app.ventacompraarticulos", "fields": {"iva": 8, "preciocosto": "7.04", "cantidadinventario": 1, "articulo": 64, "precioventa": "10.00", "ventacompra": 29}}, {"pk": 228, "model": "app.ventacompraarticulos", "fields": {"iva": 8, "preciocosto": "7.06", "cantidadinventario": 1, "articulo": 82, "precioventa": "10.00", "ventacompra": 29}}, {"pk": 229, "model": "app.ventacompraarticulos", "fields": {"iva": 16, "preciocosto": "9.41", "cantidadinventario": 1, "articulo": 44, "precioventa": "13.00", "ventacompra": 29}}, {"pk": 230, "model": "app.ventacompraarticulos", "fields": {"iva": 16, "preciocosto": "6.93", "cantidadinventario": 1, "articulo": 48, "precioventa": "10.00", "ventacompra": 29}}, {"pk": 231, "model": "app.ventacompraarticulos", "fields": {"iva": 8, "preciocosto": "7.13", "cantidadinventario": 1, "articulo": 99, "precioventa": "10.00", "ventacompra": 29}}, {"pk": 232, "model": "app.ventacompraarticulos", "fields": {"iva": 16, "preciocosto": "6.93", "cantidadinventario": 1, "articulo": 48, "precioventa": "10.00", "ventacompra": 30}}, {"pk": 233, "model": "app.ventacompraarticulos", "fields": {"iva": 16, "preciocosto": "6.92", "cantidadinventario": 1, "articulo": 25, "precioventa": "10.00", "ventacompra": 30}}, {"pk": 234, "model": "app.ventacompraarticulos", "fields": {"iva": 16, "preciocosto": "6.92", "cantidadinventario": 1, "articulo": 26, "precioventa": "10.00", "ventacompra": 30}}, {"pk": 235, "model": "app.ventacompraarticulos", "fields": {"iva": 8, "preciocosto": "6.34", "cantidadinventario": 1, "articulo": 105, "precioventa": "10.00", "ventacompra": 30}}, {"pk": 236, "model": "app.ventacompraarticulos", "fields": {"iva": 16, "preciocosto": "6.71", "cantidadinventario": 1, "articulo": 45, "precioventa": "10.00", "ventacompra": 30}}, {"pk": 237, "model": "app.ventacompraarticulos", "fields": {"iva": 0, "preciocosto": "8.80", "cantidadinventario": 1, "articulo": 119, "precioventa": "12.00", "ventacompra": 30}}, {"pk": 238, "model": "app.ventacompraarticulos", "fields": {"iva": 16, "preciocosto": "9.50", "cantidadinventario": 1, "articulo": 24, "precioventa": "12.00", "ventacompra": 30}}, {"pk": 239, "model": "app.ventacompraarticulos", "fields": {"iva": 16, "preciocosto": "9.50", "cantidadinventario": 1, "articulo": 23, "precioventa": "12.00", "ventacompra": 30}}, {"pk": 240, "model": "app.ventacompraarticulos", "fields": {"iva": 16, "preciocosto": "9.50", "cantidadinventario": 1, "articulo": 23, "precioventa": "12.00", "ventacompra": 30}}, {"pk": 241, "model": "app.ventacompraarticulos", "fields": {"iva": 16, "preciocosto": "6.71", "cantidadinventario": 1, "articulo": 35, "precioventa": "10.00", "ventacompra": 30}}, {"pk": 242, "model": "app.ventacompraarticulos", "fields": {"iva": 8, "preciocosto": "7.06", "cantidadinventario": 1, "articulo": 77, "precioventa": "10.00", "ventacompra": 30}}, {"pk": 243, "model": "app.ventacompraarticulos", "fields": {"iva": 8, "preciocosto": "5.49", "cantidadinventario": 1, "articulo": 84, "precioventa": "10.00", "ventacompra": 30}}, {"pk": 244, "model": "app.ventacompraarticulos", "fields": {"iva": 16, "preciocosto": "6.92", "cantidadinventario": 1, "articulo": 26, "precioventa": "10.00", "ventacompra": 30}}, {"pk": 245, "model": "app.ventacompraarticulos", "fields": {"iva": 16, "preciocosto": "6.93", "cantidadinventario": 1, "articulo": 48, "precioventa": "10.00", "ventacompra": 30}}, {"pk": 246, "model": "app.ventacompraarticulos", "fields": {"iva": 16, "preciocosto": "6.93", "cantidadinventario": 1, "articulo": 48, "precioventa": "10.00", "ventacompra": 30}}, {"pk": 247, "model": "app.ventacompraarticulos", "fields": {"iva": 16, "preciocosto": "7.50", "cantidadinventario": 1, "articulo": 53, "precioventa": "10.00", "ventacompra": 30}}, {"pk": 248, "model": "app.ventacompraarticulos", "fields": {"iva": 16, "preciocosto": "6.93", "cantidadinventario": 1, "articulo": 46, "precioventa": "10.00", "ventacompra": 31}}, {"pk": 249, "model": "app.ventacompraarticulos", "fields": {"iva": 8, "preciocosto": "6.25", "cantidadinventario": 1, "articulo": 65, "precioventa": "10.00", "ventacompra": 31}}, {"pk": 250, "model": "app.ventacompraarticulos", "fields": {"iva": 8, "preciocosto": "5.56", "cantidadinventario": 1, "articulo": 109, "precioventa": "10.00", "ventacompra": 31}}, {"pk": 251, "model": "app.ventacompraarticulos", "fields": {"iva": 16, "preciocosto": "6.92", "cantidadinventario": 1, "articulo": 25, "precioventa": "10.00", "ventacompra": 31}}, {"pk": 252, "model": "app.ventacompraarticulos", "fields": {"iva": 8, "preciocosto": "9.35", "cantidadinventario": 1, "articulo": 61, "precioventa": "12.00", "ventacompra": 31}}, {"pk": 253, "model": "app.ventacompraarticulos", "fields": {"iva": 0, "preciocosto": "5.50", "cantidadinventario": 1, "articulo": 120, "precioventa": "10.00", "ventacompra": 31}}, {"pk": 254, "model": "app.ventacompraarticulos", "fields": {"iva": 0, "preciocosto": "5.50", "cantidadinventario": 1, "articulo": 120, "precioventa": "10.00", "ventacompra": 31}}, {"pk": 255, "model": "app.ventacompraarticulos", "fields": {"iva": 16, "preciocosto": "6.93", "cantidadinventario": 1, "articulo": 48, "precioventa": "10.00", "ventacompra": 31}}, {"pk": 256, "model": "app.ventacompraarticulos", "fields": {"iva": 8, "preciocosto": "7.06", "cantidadinventario": 30, "articulo": 77, "precioventa": "10.00", "ventacompra": 32}}, {"pk": 257, "model": "app.ventacompraarticulos", "fields": {"iva": 8, "preciocosto": "5.49", "cantidadinventario": 8, "articulo": 131, "precioventa": "10.00", "ventacompra": 33}}, {"pk": 258, "model": "app.ventacompraarticulos", "fields": {"iva": 8, "preciocosto": "6.76", "cantidadinventario": 13, "articulo": 125, "precioventa": "10.00", "ventacompra": 33}}, {"pk": 259, "model": "app.ventacompraarticulos", "fields": {"iva": 16, "preciocosto": "6.93", "cantidadinventario": 5, "articulo": 128, "precioventa": "10.00", "ventacompra": 33}}, {"pk": 260, "model": "app.ventacompraarticulos", "fields": {"iva": 0, "preciocosto": "8.80", "cantidadinventario": 1, "articulo": 119, "precioventa": "12.00", "ventacompra": 34}}, {"pk": 261, "model": "app.ventacompraarticulos", "fields": {"iva": 16, "preciocosto": "6.93", "cantidadinventario": 1, "articulo": 48, "precioventa": "10.00", "ventacompra": 34}}, {"pk": 262, "model": "app.ventacompraarticulos", "fields": {"iva": 8, "preciocosto": "7.06", "cantidadinventario": 1, "articulo": 82, "precioventa": "10.00", "ventacompra": 34}}, {"pk": 263, "model": "app.ventacompraarticulos", "fields": {"iva": 8, "preciocosto": "9.35", "cantidadinventario": 1, "articulo": 61, "precioventa": "12.00", "ventacompra": 34}}, {"pk": 264, "model": "app.ventacompraarticulos", "fields": {"iva": 16, "preciocosto": "6.93", "cantidadinventario": 1, "articulo": 48, "precioventa": "10.00", "ventacompra": 34}}, {"pk": 265, "model": "app.ventacompraarticulos", "fields": {"iva": 8, "preciocosto": "7.13", "cantidadinventario": 1, "articulo": 104, "precioventa": "10.00", "ventacompra": 34}}, {"pk": 266, "model": "app.ventacompraarticulos", "fields": {"iva": 8, "preciocosto": "7.06", "cantidadinventario": 1, "articulo": 82, "precioventa": "10.00", "ventacompra": 34}}, {"pk": 267, "model": "app.ventacompraarticulos", "fields": {"iva": 0, "preciocosto": "5.50", "cantidadinventario": 1, "articulo": 120, "precioventa": "10.00", "ventacompra": 34}}, {"pk": 268, "model": "app.ventacompraarticulos", "fields": {"iva": 0, "preciocosto": "9.50", "cantidadinventario": 1, "articulo": 22, "precioventa": "12.00", "ventacompra": 34}}, {"pk": 269, "model": "app.ventacompraarticulos", "fields": {"iva": 16, "preciocosto": "6.92", "cantidadinventario": 1, "articulo": 30, "precioventa": "10.00", "ventacompra": 34}}, {"pk": 270, "model": "app.ventacompraarticulos", "fields": {"iva": 16, "preciocosto": "6.71", "cantidadinventario": 1, "articulo": 35, "precioventa": "10.00", "ventacompra": 34}}, {"pk": 271, "model": "app.ventacompraarticulos", "fields": {"iva": 8, "preciocosto": "5.28", "cantidadinventario": 1, "articulo": 71, "precioventa": "8.00", "ventacompra": 34}}, {"pk": 272, "model": "app.ventacompraarticulos", "fields": {"iva": 16, "preciocosto": "6.71", "cantidadinventario": 1, "articulo": 35, "precioventa": "10.00", "ventacompra": 34}}, {"pk": 273, "model": "app.ventacompraarticulos", "fields": {"iva": 16, "preciocosto": "6.93", "cantidadinventario": 1, "articulo": 48, "precioventa": "10.00", "ventacompra": 34}}, {"pk": 274, "model": "app.ventacompraarticulos", "fields": {"iva": 16, "preciocosto": "7.50", "cantidadinventario": 1, "articulo": 53, "precioventa": "10.00", "ventacompra": 34}}, {"pk": 275, "model": "app.ventacompraarticulos", "fields": {"iva": 8, "preciocosto": "7.78", "cantidadinventario": 1, "articulo": 60, "precioventa": "12.00", "ventacompra": 34}}, {"pk": 276, "model": "app.ventacompraarticulos", "fields": {"iva": 8, "preciocosto": "7.06", "cantidadinventario": 1, "articulo": 81, "precioventa": "10.00", "ventacompra": 34}}, {"pk": 277, "model": "app.ventacompraarticulos", "fields": {"iva": 8, "preciocosto": "6.34", "cantidadinventario": 1, "articulo": 105, "precioventa": "10.00", "ventacompra": 34}}, {"pk": 278, "model": "app.ventacompraarticulos", "fields": {"iva": 16, "preciocosto": "6.93", "cantidadinventario": 1, "articulo": 48, "precioventa": "10.00", "ventacompra": 34}}, {"pk": 279, "model": "app.ventacompraarticulos", "fields": {"iva": 0, "preciocosto": "9.50", "cantidadinventario": 1, "articulo": 22, "precioventa": "12.00", "ventacompra": 35}}, {"pk": 280, "model": "app.ventacompraarticulos", "fields": {"iva": 16, "preciocosto": "6.93", "cantidadinventario": 13, "articulo": 48, "precioventa": "10.00", "ventacompra": 36}}, {"pk": 281, "model": "app.ventacompraarticulos", "fields": {"iva": 16, "preciocosto": "6.92", "cantidadinventario": 4, "articulo": 25, "precioventa": "10.00", "ventacompra": 36}}, {"pk": 282, "model": "app.ventacompraarticulos", "fields": {"iva": 16, "preciocosto": "6.92", "cantidadinventario": 2, "articulo": 27, "precioventa": "10.00", "ventacompra": 36}}, {"pk": 283, "model": "app.ventacompraarticulos", "fields": {"iva": 16, "preciocosto": "6.92", "cantidadinventario": 2, "articulo": 29, "precioventa": "10.00", "ventacompra": 36}}, {"pk": 284, "model": "app.ventacompraarticulos", "fields": {"iva": 16, "preciocosto": "6.92", "cantidadinventario": 2, "articulo": 30, "precioventa": "10.00", "ventacompra": 36}}, {"pk": 285, "model": "app.ventacompraarticulos", "fields": {"iva": 16, "preciocosto": "6.92", "cantidadinventario": 2, "articulo": 129, "precioventa": "10.00", "ventacompra": 36}}, {"pk": 286, "model": "app.ventacompraarticulos", "fields": {"iva": 16, "preciocosto": "6.92", "cantidadinventario": 1, "articulo": 29, "precioventa": "10.00", "ventacompra": 37}}, {"pk": 287, "model": "app.ventacompraarticulos", "fields": {"iva": 16, "preciocosto": "6.71", "cantidadinventario": 1, "articulo": 36, "precioventa": "10.00", "ventacompra": 37}}, {"pk": 288, "model": "app.ventacompraarticulos", "fields": {"iva": 16, "preciocosto": "6.71", "cantidadinventario": 1, "articulo": 36, "precioventa": "10.00", "ventacompra": 37}}, {"pk": 289, "model": "app.ventacompraarticulos", "fields": {"iva": 16, "preciocosto": "6.71", "cantidadinventario": 1, "articulo": 33, "precioventa": "10.00", "ventacompra": 37}}, {"pk": 290, "model": "app.ventacompraarticulos", "fields": {"iva": 16, "preciocosto": "6.71", "cantidadinventario": 1, "articulo": 33, "precioventa": "10.00", "ventacompra": 37}}, {"pk": 291, "model": "app.ventacompraarticulos", "fields": {"iva": 16, "preciocosto": "6.71", "cantidadinventario": 1, "articulo": 35, "precioventa": "10.00", "ventacompra": 37}}, {"pk": 292, "model": "app.ventacompraarticulos", "fields": {"iva": 16, "preciocosto": "6.71", "cantidadinventario": 1, "articulo": 35, "precioventa": "10.00", "ventacompra": 37}}, {"pk": 293, "model": "app.ventacompraarticulos", "fields": {"iva": 16, "preciocosto": "6.71", "cantidadinventario": 1, "articulo": 34, "precioventa": "10.00", "ventacompra": 37}}, {"pk": 294, "model": "app.ventacompraarticulos", "fields": {"iva": 16, "preciocosto": "6.71", "cantidadinventario": 1, "articulo": 34, "precioventa": "10.00", "ventacompra": 37}}, {"pk": 295, "model": "app.ventacompraarticulos", "fields": {"iva": 16, "preciocosto": "6.93", "cantidadinventario": 1, "articulo": 48, "precioventa": "10.00", "ventacompra": 38}}, {"pk": 296, "model": "app.ventacompraarticulos", "fields": {"iva": 8, "preciocosto": "6.34", "cantidadinventario": 1, "articulo": 107, "precioventa": "10.00", "ventacompra": 38}}, {"pk": 297, "model": "app.ventacompraarticulos", "fields": {"iva": 16, "preciocosto": "6.71", "cantidadinventario": 1, "articulo": 34, "precioventa": "10.00", "ventacompra": 38}}, {"pk": 298, "model": "app.ventacompraarticulos", "fields": {"iva": 16, "preciocosto": "6.93", "cantidadinventario": 1, "articulo": 48, "precioventa": "10.00", "ventacompra": 38}}, {"pk": 299, "model": "app.ventacompraarticulos", "fields": {"iva": 8, "preciocosto": "6.34", "cantidadinventario": 1, "articulo": 105, "precioventa": "10.00", "ventacompra": 38}}, {"pk": 300, "model": "app.ventacompraarticulos", "fields": {"iva": 16, "preciocosto": "6.93", "cantidadinventario": 1, "articulo": 48, "precioventa": "10.00", "ventacompra": 38}}, {"pk": 301, "model": "app.ventacompraarticulos", "fields": {"iva": 16, "preciocosto": "6.93", "cantidadinventario": 1, "articulo": 48, "precioventa": "10.00", "ventacompra": 38}}, {"pk": 302, "model": "app.ventacompraarticulos", "fields": {"iva": 16, "preciocosto": "9.41", "cantidadinventario": 1, "articulo": 44, "precioventa": "13.00", "ventacompra": 38}}, {"pk": 303, "model": "app.ventacompraarticulos", "fields": {"iva": 16, "preciocosto": "9.41", "cantidadinventario": 1, "articulo": 44, "precioventa": "13.00", "ventacompra": 38}}, {"pk": 304, "model": "app.ventacompraarticulos", "fields": {"iva": 8, "preciocosto": "6.94", "cantidadinventario": 1, "articulo": 122, "precioventa": "10.00", "ventacompra": 39}}, {"pk": 305, "model": "app.ventacompraarticulos", "fields": {"iva": 8, "preciocosto": "7.06", "cantidadinventario": 1, "articulo": 93, "precioventa": "10.00", "ventacompra": 39}}, {"pk": 306, "model": "app.ventacompraarticulos", "fields": {"iva": 8, "preciocosto": "7.06", "cantidadinventario": 1, "articulo": 81, "precioventa": "10.00", "ventacompra": 39}}, {"pk": 307, "model": "app.ventacompraarticulos", "fields": {"iva": 8, "preciocosto": "7.06", "cantidadinventario": 1, "articulo": 81, "precioventa": "10.00", "ventacompra": 39}}, {"pk": 308, "model": "app.ventacompraarticulos", "fields": {"iva": 8, "preciocosto": "7.13", "cantidadinventario": 1, "articulo": 104, "precioventa": "10.00", "ventacompra": 39}}, {"pk": 309, "model": "app.ventacompraarticulos", "fields": {"iva": 16, "preciocosto": "6.71", "cantidadinventario": 1, "articulo": 34, "precioventa": "10.00", "ventacompra": 40}}, {"pk": 310, "model": "app.ventacompraarticulos", "fields": {"iva": 16, "preciocosto": "6.93", "cantidadinventario": 1, "articulo": 48, "precioventa": "10.00", "ventacompra": 41}}, {"pk": 311, "model": "app.ventacompraarticulos", "fields": {"iva": 8, "preciocosto": "7.04", "cantidadinventario": 1, "articulo": 64, "precioventa": "10.00", "ventacompra": 42}}, {"pk": 312, "model": "app.ventacompraarticulos", "fields": {"iva": 8, "preciocosto": "5.28", "cantidadinventario": 1, "articulo": 71, "precioventa": "8.00", "ventacompra": 42}}, {"pk": 313, "model": "app.ventacompraarticulos", "fields": {"iva": 16, "preciocosto": "6.93", "cantidadinventario": 1, "articulo": 48, "precioventa": "10.00", "ventacompra": 42}}, {"pk": 314, "model": "app.ventacompraarticulos", "fields": {"iva": 16, "preciocosto": "6.93", "cantidadinventario": 1, "articulo": 48, "precioventa": "10.00", "ventacompra": 42}}, {"pk": 315, "model": "app.ventacompraarticulos", "fields": {"iva": 16, "preciocosto": "6.93", "cantidadinventario": 1, "articulo": 48, "precioventa": "10.00", "ventacompra": 42}}, {"pk": 316, "model": "app.ventacompraarticulos", "fields": {"iva": 16, "preciocosto": "6.71", "cantidadinventario": 1, "articulo": 36, "precioventa": "10.00", "ventacompra": 42}}, {"pk": 317, "model": "app.ventacompraarticulos", "fields": {"iva": 0, "preciocosto": "7.74", "cantidadinventario": 1, "articulo": 96, "precioventa": "10.00", "ventacompra": 42}}, {"pk": 318, "model": "app.ventacompraarticulos", "fields": {"iva": 8, "preciocosto": "7.13", "cantidadinventario": 1, "articulo": 104, "precioventa": "10.00", "ventacompra": 43}}, {"pk": 319, "model": "app.ventacompraarticulos", "fields": {"iva": 16, "preciocosto": "6.92", "cantidadinventario": 1, "articulo": 25, "precioventa": "10.00", "ventacompra": 43}}, {"pk": 320, "model": "app.ventacompraarticulos", "fields": {"iva": 8, "preciocosto": "4.76", "cantidadinventario": 1, "articulo": 113, "precioventa": "8.00", "ventacompra": 43}}, {"pk": 321, "model": "app.ventacompraarticulos", "fields": {"iva": 8, "preciocosto": "5.28", "cantidadinventario": 1, "articulo": 71, "precioventa": "8.00", "ventacompra": 43}}, {"pk": 322, "model": "app.ventacompraarticulos", "fields": {"iva": 8, "preciocosto": "5.56", "cantidadinventario": 1, "articulo": 97, "precioventa": "10.00", "ventacompra": 43}}, {"pk": 323, "model": "app.ventacompraarticulos", "fields": {"iva": 0, "preciocosto": "7.74", "cantidadinventario": 750, "articulo": 96, "precioventa": "10.00", "ventacompra": 44}}, {"pk": 324, "model": "app.ventacompraarticulos", "fields": {"iva": 0, "preciocosto": "12.50", "cantidadinventario": 27, "articulo": 10, "precioventa": "25.00", "ventacompra": 45}}, {"pk": 325, "model": "app.ventacompraarticulos", "fields": {"iva": 0, "preciocosto": "7.00", "cantidadinventario": 12, "articulo": 9, "precioventa": "15.00", "ventacompra": 45}}, {"pk": 326, "model": "app.ventacompraarticulos", "fields": {"iva": 16, "preciocosto": "6.93", "cantidadinventario": 1, "articulo": 48, "precioventa": "10.00", "ventacompra": 46}}, {"pk": 327, "model": "app.ventacompraarticulos", "fields": {"iva": 16, "preciocosto": "6.93", "cantidadinventario": 1, "articulo": 48, "precioventa": "10.00", "ventacompra": 46}}, {"pk": 328, "model": "app.ventacompraarticulos", "fields": {"iva": 8, "preciocosto": "5.28", "cantidadinventario": 1, "articulo": 71, "precioventa": "8.00", "ventacompra": 46}}, {"pk": 329, "model": "app.ventacompraarticulos", "fields": {"iva": 8, "preciocosto": "6.34", "cantidadinventario": 1, "articulo": 105, "precioventa": "10.00", "ventacompra": 46}}, {"pk": 330, "model": "app.ventacompraarticulos", "fields": {"iva": 8, "preciocosto": "8.71", "cantidadinventario": 1, "articulo": 117, "precioventa": "12.00", "ventacompra": 46}}, {"pk": 331, "model": "app.ventacompraarticulos", "fields": {"iva": 8, "preciocosto": "7.06", "cantidadinventario": 10, "articulo": 77, "precioventa": "10.00", "ventacompra": 47}}, {"pk": 332, "model": "app.ventacompraarticulos", "fields": {"iva": 8, "preciocosto": "7.06", "cantidadinventario": 10, "articulo": 81, "precioventa": "10.00", "ventacompra": 47}}, {"pk": 333, "model": "app.ventacompraarticulos", "fields": {"iva": 8, "preciocosto": "7.13", "cantidadinventario": 1, "articulo": 104, "precioventa": "10.00", "ventacompra": 48}}, {"pk": 334, "model": "app.ventacompraarticulos", "fields": {"iva": 8, "preciocosto": "7.13", "cantidadinventario": 1, "articulo": 104, "precioventa": "10.00", "ventacompra": 48}}, {"pk": 335, "model": "app.ventacompraarticulos", "fields": {"iva": 0, "preciocosto": "9.50", "cantidadinventario": 1, "articulo": 22, "precioventa": "12.00", "ventacompra": 48}}, {"pk": 336, "model": "app.ventacompraarticulos", "fields": {"iva": 16, "preciocosto": "7.50", "cantidadinventario": 1, "articulo": 53, "precioventa": "10.00", "ventacompra": 48}}, {"pk": 337, "model": "app.ventacompraarticulos", "fields": {"iva": 16, "preciocosto": "6.93", "cantidadinventario": 1, "articulo": 48, "precioventa": "10.00", "ventacompra": 48}}, {"pk": 338, "model": "app.ventacompraarticulos", "fields": {"iva": 16, "preciocosto": "6.93", "cantidadinventario": 1, "articulo": 48, "precioventa": "10.00", "ventacompra": 48}}, {"pk": 339, "model": "app.ventacompraarticulos", "fields": {"iva": 8, "preciocosto": "6.28", "cantidadinventario": 1, "articulo": 123, "precioventa": "10.00", "ventacompra": 48}}, {"pk": 340, "model": "app.ventacompraarticulos", "fields": {"iva": 16, "preciocosto": "6.92", "cantidadinventario": 1, "articulo": 25, "precioventa": "10.00", "ventacompra": 48}}, {"pk": 341, "model": "app.ventacompraarticulos", "fields": {"iva": 8, "preciocosto": "7.13", "cantidadinventario": 1, "articulo": 104, "precioventa": "10.00", "ventacompra": 49}}, {"pk": 342, "model": "app.ventacompraarticulos", "fields": {"iva": 16, "preciocosto": "6.93", "cantidadinventario": 1, "articulo": 48, "precioventa": "10.00", "ventacompra": 49}}, {"pk": 343, "model": "app.ventacompraarticulos", "fields": {"iva": 16, "preciocosto": "6.71", "cantidadinventario": 1, "articulo": 37, "precioventa": "10.00", "ventacompra": 49}}, {"pk": 344, "model": "app.ventacompraarticulos", "fields": {"iva": 8, "preciocosto": "7.13", "cantidadinventario": 1, "articulo": 104, "precioventa": "10.00", "ventacompra": 49}}, {"pk": 345, "model": "app.ventacompraarticulos", "fields": {"iva": 16, "preciocosto": "6.93", "cantidadinventario": 1, "articulo": 48, "precioventa": "10.00", "ventacompra": 49}}, {"pk": 346, "model": "app.ventacompraarticulos", "fields": {"iva": 16, "preciocosto": "6.93", "cantidadinventario": 1, "articulo": 48, "precioventa": "10.00", "ventacompra": 49}}, {"pk": 347, "model": "app.ventacompraarticulos", "fields": {"iva": 8, "preciocosto": "7.13", "cantidadinventario": 1, "articulo": 104, "precioventa": "10.00", "ventacompra": 49}}, {"pk": 348, "model": "app.ventacompraarticulos", "fields": {"iva": 8, "preciocosto": "7.04", "cantidadinventario": 1, "articulo": 67, "precioventa": "10.00", "ventacompra": 49}}, {"pk": 349, "model": "app.ventacompraarticulos", "fields": {"iva": 8, "preciocosto": "6.34", "cantidadinventario": 1, "articulo": 105, "precioventa": "10.00", "ventacompra": 50}}, {"pk": 350, "model": "app.ventacompraarticulos", "fields": {"iva": 8, "preciocosto": "6.25", "cantidadinventario": 1, "articulo": 62, "precioventa": "10.00", "ventacompra": 50}}, {"pk": 351, "model": "app.ventacompraarticulos", "fields": {"iva": 16, "preciocosto": "6.92", "cantidadinventario": 1, "articulo": 26, "precioventa": "10.00", "ventacompra": 50}}, {"pk": 352, "model": "app.ventacompraarticulos", "fields": {"iva": 8, "preciocosto": "6.25", "cantidadinventario": 1, "articulo": 62, "precioventa": "10.00", "ventacompra": 50}}, {"pk": 353, "model": "app.ventacompraarticulos", "fields": {"iva": 8, "preciocosto": "8.71", "cantidadinventario": 1, "articulo": 117, "precioventa": "12.00", "ventacompra": 50}}, {"pk": 354, "model": "app.ventacompraarticulos", "fields": {"iva": 8, "preciocosto": "6.34", "cantidadinventario": 1, "articulo": 105, "precioventa": "10.00", "ventacompra": 50}}, {"pk": 355, "model": "app.ventacompraarticulos", "fields": {"iva": 16, "preciocosto": "6.71", "cantidadinventario": 1, "articulo": 38, "precioventa": "10.00", "ventacompra": 50}}, {"pk": 356, "model": "app.ventacompraarticulos", "fields": {"iva": 16, "preciocosto": "6.71", "cantidadinventario": 1, "articulo": 32, "precioventa": "10.00", "ventacompra": 50}}, {"pk": 357, "model": "app.ventacompraarticulos", "fields": {"iva": 16, "preciocosto": "6.93", "cantidadinventario": 1, "articulo": 48, "precioventa": "10.00", "ventacompra": 50}}, {"pk": 358, "model": "app.ventacompraarticulos", "fields": {"iva": 16, "preciocosto": "6.92", "cantidadinventario": 1, "articulo": 26, "precioventa": "10.00", "ventacompra": 50}}, {"pk": 359, "model": "app.ventacompraarticulos", "fields": {"iva": 16, "preciocosto": "6.93", "cantidadinventario": 1, "articulo": 48, "precioventa": "10.00", "ventacompra": 51}}, {"pk": 360, "model": "app.ventacompraarticulos", "fields": {"iva": 8, "preciocosto": "7.13", "cantidadinventario": 10, "articulo": 101, "precioventa": "10.00", "ventacompra": 52}}, {"pk": 361, "model": "app.ventacompraarticulos", "fields": {"iva": 8, "preciocosto": "5.56", "cantidadinventario": 15, "articulo": 97, "precioventa": "10.00", "ventacompra": 52}}, {"pk": 362, "model": "app.ventacompraarticulos", "fields": {"iva": 8, "preciocosto": "5.56", "cantidadinventario": 10, "articulo": 110, "precioventa": "10.00", "ventacompra": 52}}, {"pk": 363, "model": "app.ventacompraarticulos", "fields": {"iva": 8, "preciocosto": "5.56", "cantidadinventario": 10, "articulo": 109, "precioventa": "10.00", "ventacompra": 52}}, {"pk": 364, "model": "app.ventacompraarticulos", "fields": {"iva": 8, "preciocosto": "4.76", "cantidadinventario": 10, "articulo": 115, "precioventa": "8.00", "ventacompra": 52}}, {"pk": 365, "model": "app.ventacompraarticulos", "fields": {"iva": 8, "preciocosto": "4.76", "cantidadinventario": 10, "articulo": 113, "precioventa": "8.00", "ventacompra": 52}}, {"pk": 366, "model": "app.ventacompraarticulos", "fields": {"iva": 8, "preciocosto": "6.34", "cantidadinventario": 10, "articulo": 108, "precioventa": "10.00", "ventacompra": 52}}, {"pk": 367, "model": "app.ventacompraarticulos", "fields": {"iva": 8, "preciocosto": "6.34", "cantidadinventario": 10, "articulo": 107, "precioventa": "10.00", "ventacompra": 52}}, {"pk": 368, "model": "app.ventacompraarticulos", "fields": {"iva": 8, "preciocosto": "6.34", "cantidadinventario": 10, "articulo": 116, "precioventa": "10.00", "ventacompra": 52}}, {"pk": 369, "model": "app.ventacompraarticulos", "fields": {"iva": 8, "preciocosto": "6.34", "cantidadinventario": 50, "articulo": 105, "precioventa": "10.00", "ventacompra": 52}}, {"pk": 370, "model": "app.ventacompraarticulos", "fields": {"iva": 8, "preciocosto": "7.13", "cantidadinventario": 10, "articulo": 98, "precioventa": "10.00", "ventacompra": 52}}, {"pk": 371, "model": "app.ventacompraarticulos", "fields": {"iva": 8, "preciocosto": "7.13", "cantidadinventario": 10, "articulo": 100, "precioventa": "10.00", "ventacompra": 52}}, {"pk": 372, "model": "app.ventacompraarticulos", "fields": {"iva": 8, "preciocosto": "7.13", "cantidadinventario": 10, "articulo": 101, "precioventa": "10.00", "ventacompra": 52}}, {"pk": 373, "model": "app.ventacompraarticulos", "fields": {"iva": 8, "preciocosto": "7.13", "cantidadinventario": 10, "articulo": 112, "precioventa": "10.00", "ventacompra": 52}}, {"pk": 374, "model": "app.ventacompraarticulos", "fields": {"iva": 8, "preciocosto": "7.13", "cantidadinventario": 15, "articulo": 103, "precioventa": "10.00", "ventacompra": 52}}, {"pk": 375, "model": "app.ventacompraarticulos", "fields": {"iva": 8, "preciocosto": "7.13", "cantidadinventario": 10, "articulo": 112, "precioventa": "10.00", "ventacompra": 52}}, {"pk": 376, "model": "app.ventacompraarticulos", "fields": {"iva": 8, "preciocosto": "7.13", "cantidadinventario": 50, "articulo": 104, "precioventa": "10.00", "ventacompra": 52}}, {"pk": 377, "model": "app.ventacompraarticulos", "fields": {"iva": 8, "preciocosto": "7.13", "cantidadinventario": 10, "articulo": 118, "precioventa": "12.00", "ventacompra": 52}}, {"pk": 378, "model": "app.ventacompraarticulos", "fields": {"iva": 8, "preciocosto": "8.71", "cantidadinventario": 9, "articulo": 117, "precioventa": "12.00", "ventacompra": 52}}, {"pk": 379, "model": "app.ventacompraarticulos", "fields": {"iva": 16, "preciocosto": "6.71", "cantidadinventario": 1, "articulo": 39, "precioventa": "10.00", "ventacompra": 53}}, {"pk": 380, "model": "app.ventacompraarticulos", "fields": {"iva": 8, "preciocosto": "6.25", "cantidadinventario": 1, "articulo": 68, "precioventa": "10.00", "ventacompra": 53}}, {"pk": 381, "model": "app.ventacompraarticulos", "fields": {"iva": 16, "preciocosto": "8.00", "cantidadinventario": 1, "articulo": 51, "precioventa": "12.00", "ventacompra": 53}}, {"pk": 382, "model": "app.ventacompraarticulos", "fields": {"iva": 8, "preciocosto": "6.25", "cantidadinventario": 1, "articulo": 68, "precioventa": "10.00", "ventacompra": 53}}, {"pk": 383, "model": "app.ventacompraarticulos", "fields": {"iva": 16, "preciocosto": "6.71", "cantidadinventario": 1, "articulo": 39, "precioventa": "10.00", "ventacompra": 53}}, {"pk": 384, "model": "app.ventacompraarticulos", "fields": {"iva": 16, "preciocosto": "6.93", "cantidadinventario": 1, "articulo": 48, "precioventa": "10.00", "ventacompra": 53}}, {"pk": 385, "model": "app.ventacompraarticulos", "fields": {"iva": 16, "preciocosto": "6.71", "cantidadinventario": 1, "articulo": 39, "precioventa": "10.00", "ventacompra": 53}}, {"pk": 386, "model": "app.ventacompraarticulos", "fields": {"iva": 16, "preciocosto": "6.71", "cantidadinventario": 1, "articulo": 45, "precioventa": "10.00", "ventacompra": 53}}, {"pk": 387, "model": "app.ventacompraarticulos", "fields": {"iva": 16, "preciocosto": "6.71", "cantidadinventario": 1, "articulo": 45, "precioventa": "10.00", "ventacompra": 53}}, {"pk": 388, "model": "app.ventacompraarticulos", "fields": {"iva": 16, "preciocosto": "6.71", "cantidadinventario": 1, "articulo": 36, "precioventa": "10.00", "ventacompra": 54}}, {"pk": 389, "model": "app.ventacompraarticulos", "fields": {"iva": 16, "preciocosto": "6.93", "cantidadinventario": 1, "articulo": 48, "precioventa": "10.00", "ventacompra": 54}}, {"pk": 390, "model": "app.ventacompraarticulos", "fields": {"iva": 16, "preciocosto": "6.93", "cantidadinventario": 1, "articulo": 48, "precioventa": "10.00", "ventacompra": 54}}, {"pk": 391, "model": "app.ventacompraarticulos", "fields": {"iva": 16, "preciocosto": "6.93", "cantidadinventario": 1, "articulo": 48, "precioventa": "10.00", "ventacompra": 54}}, {"pk": 392, "model": "app.ventacompraarticulos", "fields": {"iva": 8, "preciocosto": "4.76", "cantidadinventario": 1, "articulo": 114, "precioventa": "8.00", "ventacompra": 54}}, {"pk": 393, "model": "app.ventacompraarticulos", "fields": {"iva": 16, "preciocosto": "6.71", "cantidadinventario": 1, "articulo": 33, "precioventa": "10.00", "ventacompra": 54}}, {"pk": 394, "model": "app.ventacompraarticulos", "fields": {"iva": 16, "preciocosto": "6.71", "cantidadinventario": 1, "articulo": 32, "precioventa": "10.00", "ventacompra": 54}}, {"pk": 395, "model": "app.ventacompraarticulos", "fields": {"iva": 16, "preciocosto": "9.41", "cantidadinventario": 1, "articulo": 44, "precioventa": "13.00", "ventacompra": 54}}, {"pk": 396, "model": "app.ventacompraarticulos", "fields": {"iva": 0, "preciocosto": "5.50", "cantidadinventario": 1, "articulo": 121, "precioventa": "10.00", "ventacompra": 54}}, {"pk": 397, "model": "app.ventacompraarticulos", "fields": {"iva": 0, "preciocosto": "5.50", "cantidadinventario": 1, "articulo": 121, "precioventa": "10.00", "ventacompra": 54}}, {"pk": 398, "model": "app.ventacompraarticulos", "fields": {"iva": 16, "preciocosto": "6.71", "cantidadinventario": 1, "articulo": 33, "precioventa": "10.00", "ventacompra": 54}}, {"pk": 399, "model": "app.ventacompraarticulos", "fields": {"iva": 8, "preciocosto": "7.78", "cantidadinventario": 1, "articulo": 60, "precioventa": "12.00", "ventacompra": 55}}, {"pk": 400, "model": "app.ventacompraarticulos", "fields": {"iva": 8, "preciocosto": "7.06", "cantidadinventario": 1, "articulo": 79, "precioventa": "10.00", "ventacompra": 55}}, {"pk": 401, "model": "app.ventacompraarticulos", "fields": {"iva": 16, "preciocosto": "6.93", "cantidadinventario": 1, "articulo": 128, "precioventa": "10.00", "ventacompra": 55}}, {"pk": 402, "model": "app.ventacompraarticulos", "fields": {"iva": 8, "preciocosto": "7.13", "cantidadinventario": 1, "articulo": 111, "precioventa": "10.00", "ventacompra": 55}}, {"pk": 403, "model": "app.ventacompraarticulos", "fields": {"iva": 16, "preciocosto": "6.93", "cantidadinventario": 1, "articulo": 48, "precioventa": "10.00", "ventacompra": 55}}, {"pk": 404, "model": "app.ventacompraarticulos", "fields": {"iva": 16, "preciocosto": "6.71", "cantidadinventario": 1, "articulo": 31, "precioventa": "10.00", "ventacompra": 55}}, {"pk": 405, "model": "app.ventacompraarticulos", "fields": {"iva": 8, "preciocosto": "7.78", "cantidadinventario": 1, "articulo": 60, "precioventa": "12.00", "ventacompra": 55}}, {"pk": 406, "model": "app.ventacompraarticulos", "fields": {"iva": 8, "preciocosto": "7.78", "cantidadinventario": 1, "articulo": 60, "precioventa": "12.00", "ventacompra": 55}}, {"pk": 407, "model": "app.ventacompraarticulos", "fields": {"iva": 8, "preciocosto": "6.25", "cantidadinventario": 1, "articulo": 62, "precioventa": "10.00", "ventacompra": 55}}, {"pk": 408, "model": "app.ventacompraarticulos", "fields": {"iva": 0, "preciocosto": "7.74", "cantidadinventario": 1, "articulo": 96, "precioventa": "10.00", "ventacompra": 55}}, {"pk": 409, "model": "app.ventacompraarticulos", "fields": {"iva": 8, "preciocosto": "6.28", "cantidadinventario": 1, "articulo": 94, "precioventa": "10.00", "ventacompra": 55}}, {"pk": 410, "model": "app.ventacompraarticulos", "fields": {"iva": 16, "preciocosto": "6.93", "cantidadinventario": 1, "articulo": 48, "precioventa": "10.00", "ventacompra": 55}}, {"pk": 411, "model": "app.ventacompraarticulos", "fields": {"iva": 8, "preciocosto": "7.13", "cantidadinventario": 1, "articulo": 111, "precioventa": "10.00", "ventacompra": 55}}, {"pk": 412, "model": "app.ventacompraarticulos", "fields": {"iva": 8, "preciocosto": "7.13", "cantidadinventario": 1, "articulo": 111, "precioventa": "10.00", "ventacompra": 55}}, {"pk": 413, "model": "app.ventacompraarticulos", "fields": {"iva": 8, "preciocosto": "7.06", "cantidadinventario": 1, "articulo": 79, "precioventa": "10.00", "ventacompra": 55}}, {"pk": 414, "model": "app.ventacompraarticulos", "fields": {"iva": 8, "preciocosto": "7.06", "cantidadinventario": 1, "articulo": 79, "precioventa": "10.00", "ventacompra": 55}}, {"pk": 415, "model": "app.ventacompraarticulos", "fields": {"iva": 8, "preciocosto": "7.06", "cantidadinventario": 1, "articulo": 79, "precioventa": "10.00", "ventacompra": 55}}, {"pk": 416, "model": "app.ventacompraarticulos", "fields": {"iva": 16, "preciocosto": "6.71", "cantidadinventario": 1, "articulo": 31, "precioventa": "10.00", "ventacompra": 55}}, {"pk": 417, "model": "app.ventacompraarticulos", "fields": {"iva": 8, "preciocosto": "7.78", "cantidadinventario": 1, "articulo": 60, "precioventa": "12.00", "ventacompra": 55}}, {"pk": 418, "model": "app.ventacompraarticulos", "fields": {"iva": 8, "preciocosto": "7.13", "cantidadinventario": 1, "articulo": 133, "precioventa": "12.00", "ventacompra": 55}}, {"pk": 419, "model": "app.ventacompraarticulos", "fields": {"iva": 8, "preciocosto": "4.76", "cantidadinventario": 1, "articulo": 113, "precioventa": "8.00", "ventacompra": 55}}, {"pk": 420, "model": "app.ventacompraarticulos", "fields": {"iva": 16, "preciocosto": "8.00", "cantidadinventario": 1, "articulo": 50, "precioventa": "12.00", "ventacompra": 55}}, {"pk": 421, "model": "app.ventacompraarticulos", "fields": {"iva": 8, "preciocosto": "7.78", "cantidadinventario": 1, "articulo": 60, "precioventa": "12.00", "ventacompra": 55}}, {"pk": 422, "model": "app.ventacompraarticulos", "fields": {"iva": 8, "preciocosto": "7.13", "cantidadinventario": 1, "articulo": 104, "precioventa": "10.00", "ventacompra": 55}}, {"pk": 423, "model": "app.ventacompraarticulos", "fields": {"iva": 8, "preciocosto": "6.25", "cantidadinventario": 1, "articulo": 62, "precioventa": "10.00", "ventacompra": 55}}, {"pk": 424, "model": "app.ventacompraarticulos", "fields": {"iva": 16, "preciocosto": "9.50", "cantidadinventario": 1, "articulo": 21, "precioventa": "12.00", "ventacompra": 55}}, {"pk": 425, "model": "app.ventacompraarticulos", "fields": {"iva": 0, "preciocosto": "7.74", "cantidadinventario": 1, "articulo": 96, "precioventa": "10.00", "ventacompra": 55}}, {"pk": 426, "model": "app.ventacompraarticulos", "fields": {"iva": 8, "preciocosto": "7.13", "cantidadinventario": 1, "articulo": 111, "precioventa": "10.00", "ventacompra": 55}}, {"pk": 427, "model": "app.ventacompraarticulos", "fields": {"iva": 8, "preciocosto": "6.25", "cantidadinventario": 1, "articulo": 62, "precioventa": "10.00", "ventacompra": 55}}, {"pk": 428, "model": "app.ventacompraarticulos", "fields": {"iva": 8, "preciocosto": "6.28", "cantidadinventario": 1, "articulo": 94, "precioventa": "10.00", "ventacompra": 55}}, {"pk": 429, "model": "app.ventacompraarticulos", "fields": {"iva": 8, "preciocosto": "7.13", "cantidadinventario": 1, "articulo": 134, "precioventa": "12.00", "ventacompra": 55}}, {"pk": 430, "model": "app.ventacompraarticulos", "fields": {"iva": 8, "preciocosto": "6.25", "cantidadinventario": 1, "articulo": 62, "precioventa": "10.00", "ventacompra": 55}}, {"pk": 431, "model": "app.ventacompraarticulos", "fields": {"iva": 16, "preciocosto": "8.00", "cantidadinventario": 1, "articulo": 50, "precioventa": "12.00", "ventacompra": 55}}, {"pk": 432, "model": "app.ventacompraarticulos", "fields": {"iva": 8, "preciocosto": "9.35", "cantidadinventario": 1, "articulo": 61, "precioventa": "12.00", "ventacompra": 56}}, {"pk": 433, "model": "app.ventacompraarticulos", "fields": {"iva": 8, "preciocosto": "5.56", "cantidadinventario": 1, "articulo": 97, "precioventa": "10.00", "ventacompra": 56}}, {"pk": 434, "model": "app.ventacompraarticulos", "fields": {"iva": 16, "preciocosto": "6.92", "cantidadinventario": 1, "articulo": 26, "precioventa": "10.00", "ventacompra": 56}}, {"pk": 435, "model": "app.ventacompraarticulos", "fields": {"iva": 8, "preciocosto": "6.25", "cantidadinventario": 1, "articulo": 65, "precioventa": "10.00", "ventacompra": 56}}, {"pk": 436, "model": "app.ventacompraarticulos", "fields": {"iva": 16, "preciocosto": "6.71", "cantidadinventario": 1, "articulo": 45, "precioventa": "10.00", "ventacompra": 56}}, {"pk": 437, "model": "app.ventacompraarticulos", "fields": {"iva": 16, "preciocosto": "6.71", "cantidadinventario": 1, "articulo": 37, "precioventa": "10.00", "ventacompra": 56}}, {"pk": 438, "model": "app.ventacompraarticulos", "fields": {"iva": 8, "preciocosto": "6.25", "cantidadinventario": 1, "articulo": 62, "precioventa": "10.00", "ventacompra": 57}}, {"pk": 439, "model": "app.ventacompraarticulos", "fields": {"iva": 16, "preciocosto": "6.93", "cantidadinventario": 1, "articulo": 48, "precioventa": "10.00", "ventacompra": 57}}, {"pk": 440, "model": "app.ventacompraarticulos", "fields": {"iva": 16, "preciocosto": "6.93", "cantidadinventario": 1, "articulo": 48, "precioventa": "10.00", "ventacompra": 57}}, {"pk": 441, "model": "app.ventacompraarticulos", "fields": {"iva": 16, "preciocosto": "6.93", "cantidadinventario": 1, "articulo": 48, "precioventa": "10.00", "ventacompra": 57}}, {"pk": 442, "model": "app.ventacompraarticulos", "fields": {"iva": 16, "preciocosto": "7.50", "cantidadinventario": 1, "articulo": 54, "precioventa": "10.00", "ventacompra": 57}}, {"pk": 443, "model": "app.ventacompraarticulos", "fields": {"iva": 8, "preciocosto": "7.13", "cantidadinventario": 1, "articulo": 104, "precioventa": "10.00", "ventacompra": 57}}, {"pk": 444, "model": "app.ventacompraarticulos", "fields": {"iva": 8, "preciocosto": "7.13", "cantidadinventario": 1, "articulo": 104, "precioventa": "10.00", "ventacompra": 57}}, {"pk": 445, "model": "app.ventacompraarticulos", "fields": {"iva": 8, "preciocosto": "7.13", "cantidadinventario": 1, "articulo": 102, "precioventa": "10.00", "ventacompra": 57}}, {"pk": 446, "model": "app.ventacompraarticulos", "fields": {"iva": 8, "preciocosto": "6.34", "cantidadinventario": 1, "articulo": 105, "precioventa": "10.00", "ventacompra": 57}}, {"pk": 447, "model": "app.ventacompraarticulos", "fields": {"iva": 8, "preciocosto": "7.41", "cantidadinventario": 1, "articulo": 72, "precioventa": "12.00", "ventacompra": 57}}, {"pk": 448, "model": "app.ventacompraarticulos", "fields": {"iva": 8, "preciocosto": "9.35", "cantidadinventario": 1, "articulo": 61, "precioventa": "12.00", "ventacompra": 58}}, {"pk": 449, "model": "app.ventacompraarticulos", "fields": {"iva": 8, "preciocosto": "5.49", "cantidadinventario": 10, "articulo": 84, "precioventa": "10.00", "ventacompra": 59}}, {"pk": 450, "model": "app.ventacompraarticulos", "fields": {"iva": 8, "preciocosto": "5.49", "cantidadinventario": 10, "articulo": 85, "precioventa": "10.00", "ventacompra": 60}}, {"pk": 451, "model": "app.ventacompraarticulos", "fields": {"iva": 8, "preciocosto": "7.06", "cantidadinventario": 10, "articulo": 82, "precioventa": "10.00", "ventacompra": 60}}, {"pk": 452, "model": "app.ventacompraarticulos", "fields": {"iva": 8, "preciocosto": "7.06", "cantidadinventario": 10, "articulo": 81, "precioventa": "10.00", "ventacompra": 60}}, {"pk": 453, "model": "app.ventacompraarticulos", "fields": {"iva": 8, "preciocosto": "7.06", "cantidadinventario": 10, "articulo": 77, "precioventa": "10.00", "ventacompra": 60}}, {"pk": 454, "model": "app.ventacompraarticulos", "fields": {"iva": 8, "preciocosto": "7.06", "cantidadinventario": 3, "articulo": 93, "precioventa": "10.00", "ventacompra": 60}}, {"pk": 455, "model": "app.ventacompraarticulos", "fields": {"iva": 16, "preciocosto": "6.93", "cantidadinventario": 1, "articulo": 48, "precioventa": "10.00", "ventacompra": 61}}, {"pk": 456, "model": "app.ventacompraarticulos", "fields": {"iva": 16, "preciocosto": "6.93", "cantidadinventario": 1, "articulo": 48, "precioventa": "10.00", "ventacompra": 61}}, {"pk": 457, "model": "app.ventacompraarticulos", "fields": {"iva": 8, "preciocosto": "7.06", "cantidadinventario": 1, "articulo": 77, "precioventa": "10.00", "ventacompra": 61}}, {"pk": 458, "model": "app.ventacompraarticulos", "fields": {"iva": 8, "preciocosto": "7.13", "cantidadinventario": 1, "articulo": 118, "precioventa": "12.00", "ventacompra": 61}}, {"pk": 459, "model": "app.ventacompraarticulos", "fields": {"iva": 8, "preciocosto": "7.13", "cantidadinventario": 1, "articulo": 135, "precioventa": "10.00", "ventacompra": 61}}, {"pk": 460, "model": "app.ventacompraarticulos", "fields": {"iva": 8, "preciocosto": "7.13", "cantidadinventario": 1, "articulo": 99, "precioventa": "10.00", "ventacompra": 61}}, {"pk": 461, "model": "app.ventacompraarticulos", "fields": {"iva": 8, "preciocosto": "8.71", "cantidadinventario": 1, "articulo": 117, "precioventa": "12.00", "ventacompra": 61}}, {"pk": 462, "model": "app.ventacompraarticulos", "fields": {"iva": 8, "preciocosto": "7.13", "cantidadinventario": 1, "articulo": 134, "precioventa": "12.00", "ventacompra": 61}}, {"pk": 463, "model": "app.ventacompraarticulos", "fields": {"iva": 8, "preciocosto": "4.76", "cantidadinventario": 1, "articulo": 115, "precioventa": "8.00", "ventacompra": 61}}, {"pk": 464, "model": "app.ventacompraarticulos", "fields": {"iva": 0, "preciocosto": "7.74", "cantidadinventario": 1, "articulo": 96, "precioventa": "10.00", "ventacompra": 61}}, {"pk": 465, "model": "app.ventacompraarticulos", "fields": {"iva": 8, "preciocosto": "7.06", "cantidadinventario": 1, "articulo": 77, "precioventa": "10.00", "ventacompra": 61}}, {"pk": 466, "model": "app.ventacompraarticulos", "fields": {"iva": 8, "preciocosto": "6.28", "cantidadinventario": 1, "articulo": 86, "precioventa": "10.00", "ventacompra": 61}}, {"pk": 467, "model": "app.ventacompraarticulos", "fields": {"iva": 16, "preciocosto": "6.71", "cantidadinventario": 1, "articulo": 38, "precioventa": "10.00", "ventacompra": 61}}, {"pk": 468, "model": "app.ventacompraarticulos", "fields": {"iva": 8, "preciocosto": "8.71", "cantidadinventario": 1, "articulo": 117, "precioventa": "12.00", "ventacompra": 61}}, {"pk": 469, "model": "app.ventacompraarticulos", "fields": {"iva": 8, "preciocosto": "8.71", "cantidadinventario": 1, "articulo": 117, "precioventa": "12.00", "ventacompra": 61}}, {"pk": 470, "model": "app.ventacompraarticulos", "fields": {"iva": 0, "preciocosto": "7.74", "cantidadinventario": 1, "articulo": 96, "precioventa": "10.00", "ventacompra": 62}}, {"pk": 471, "model": "app.ventacompraarticulos", "fields": {"iva": 8, "preciocosto": "7.06", "cantidadinventario": 1, "articulo": 82, "precioventa": "10.00", "ventacompra": 62}}, {"pk": 472, "model": "app.ventacompraarticulos", "fields": {"iva": 8, "preciocosto": "4.76", "cantidadinventario": 1, "articulo": 113, "precioventa": "8.00", "ventacompra": 62}}, {"pk": 473, "model": "app.ventacompraarticulos", "fields": {"iva": 8, "preciocosto": "6.34", "cantidadinventario": 1, "articulo": 116, "precioventa": "10.00", "ventacompra": 63}}, {"pk": 474, "model": "app.ventacompraarticulos", "fields": {"iva": 16, "preciocosto": "6.93", "cantidadinventario": 1, "articulo": 48, "precioventa": "10.00", "ventacompra": 63}}, {"pk": 475, "model": "app.ventacompraarticulos", "fields": {"iva": 16, "preciocosto": "9.50", "cantidadinventario": 1, "articulo": 23, "precioventa": "12.00", "ventacompra": 63}}, {"pk": 476, "model": "app.ventacompraarticulos", "fields": {"iva": 8, "preciocosto": "6.25", "cantidadinventario": 1, "articulo": 68, "precioventa": "10.00", "ventacompra": 63}}, {"pk": 477, "model": "app.ventacompraarticulos", "fields": {"iva": 16, "preciocosto": "6.71", "cantidadinventario": 1, "articulo": 36, "precioventa": "10.00", "ventacompra": 63}}, {"pk": 478, "model": "app.ventacompraarticulos", "fields": {"iva": 8, "preciocosto": "6.34", "cantidadinventario": 1, "articulo": 116, "precioventa": "10.00", "ventacompra": 63}}, {"pk": 479, "model": "app.ventacompraarticulos", "fields": {"iva": 16, "preciocosto": "6.93", "cantidadinventario": 1, "articulo": 48, "precioventa": "10.00", "ventacompra": 63}}, {"pk": 480, "model": "app.ventacompraarticulos", "fields": {"iva": 8, "preciocosto": "5.38", "cantidadinventario": 1, "articulo": 58, "precioventa": "10.00", "ventacompra": 63}}, {"pk": 481, "model": "app.ventacompraarticulos", "fields": {"iva": 8, "preciocosto": "7.06", "cantidadinventario": 1, "articulo": 82, "precioventa": "10.00", "ventacompra": 63}}, {"pk": 482, "model": "app.ventacompraarticulos", "fields": {"iva": 16, "preciocosto": "6.93", "cantidadinventario": 1, "articulo": 48, "precioventa": "10.00", "ventacompra": 63}}, {"pk": 483, "model": "app.ventacompraarticulos", "fields": {"iva": 16, "preciocosto": "6.93", "cantidadinventario": 1, "articulo": 48, "precioventa": "10.00", "ventacompra": 63}}, {"pk": 484, "model": "app.ventacompraarticulos", "fields": {"iva": 8, "preciocosto": "7.06", "cantidadinventario": 1, "articulo": 82, "precioventa": "10.00", "ventacompra": 63}}, {"pk": 485, "model": "app.ventacompraarticulos", "fields": {"iva": 16, "preciocosto": "9.41", "cantidadinventario": 1, "articulo": 41, "precioventa": "13.00", "ventacompra": 63}}, {"pk": 486, "model": "app.ventacompraarticulos", "fields": {"iva": 16, "preciocosto": "6.93", "cantidadinventario": 1, "articulo": 48, "precioventa": "10.00", "ventacompra": 63}}, {"pk": 487, "model": "app.ventacompraarticulos", "fields": {"iva": 8, "preciocosto": "7.06", "cantidadinventario": 1, "articulo": 77, "precioventa": "10.00", "ventacompra": 63}}, {"pk": 488, "model": "app.ventacompraarticulos", "fields": {"iva": 8, "preciocosto": "7.13", "cantidadinventario": 1, "articulo": 133, "precioventa": "12.00", "ventacompra": 63}}, {"pk": 489, "model": "app.ventacompraarticulos", "fields": {"iva": 8, "preciocosto": "7.13", "cantidadinventario": 1, "articulo": 101, "precioventa": "10.00", "ventacompra": 63}}, {"pk": 490, "model": "app.ventacompraarticulos", "fields": {"iva": 8, "preciocosto": "6.34", "cantidadinventario": 1, "articulo": 116, "precioventa": "10.00", "ventacompra": 64}}, {"pk": 491, "model": "app.ventacompraarticulos", "fields": {"iva": 16, "preciocosto": "6.93", "cantidadinventario": 1, "articulo": 48, "precioventa": "10.00", "ventacompra": 64}}, {"pk": 492, "model": "app.ventacompraarticulos", "fields": {"iva": 16, "preciocosto": "9.50", "cantidadinventario": 1, "articulo": 23, "precioventa": "12.00", "ventacompra": 64}}, {"pk": 493, "model": "app.ventacompraarticulos", "fields": {"iva": 8, "preciocosto": "6.25", "cantidadinventario": 1, "articulo": 68, "precioventa": "10.00", "ventacompra": 64}}, {"pk": 494, "model": "app.ventacompraarticulos", "fields": {"iva": 16, "preciocosto": "6.71", "cantidadinventario": 1, "articulo": 36, "precioventa": "10.00", "ventacompra": 64}}, {"pk": 495, "model": "app.ventacompraarticulos", "fields": {"iva": 8, "preciocosto": "6.34", "cantidadinventario": 1, "articulo": 116, "precioventa": "10.00", "ventacompra": 64}}, {"pk": 496, "model": "app.ventacompraarticulos", "fields": {"iva": 16, "preciocosto": "6.93", "cantidadinventario": 1, "articulo": 48, "precioventa": "10.00", "ventacompra": 64}}, {"pk": 497, "model": "app.ventacompraarticulos", "fields": {"iva": 8, "preciocosto": "5.38", "cantidadinventario": 1, "articulo": 58, "precioventa": "10.00", "ventacompra": 64}}, {"pk": 498, "model": "app.ventacompraarticulos", "fields": {"iva": 8, "preciocosto": "7.06", "cantidadinventario": 1, "articulo": 82, "precioventa": "10.00", "ventacompra": 64}}, {"pk": 499, "model": "app.ventacompraarticulos", "fields": {"iva": 16, "preciocosto": "6.93", "cantidadinventario": 1, "articulo": 48, "precioventa": "10.00", "ventacompra": 64}}, {"pk": 500, "model": "app.ventacompraarticulos", "fields": {"iva": 16, "preciocosto": "6.93", "cantidadinventario": 1, "articulo": 48, "precioventa": "10.00", "ventacompra": 64}}, {"pk": 501, "model": "app.ventacompraarticulos", "fields": {"iva": 8, "preciocosto": "7.06", "cantidadinventario": 1, "articulo": 82, "precioventa": "10.00", "ventacompra": 64}}, {"pk": 502, "model": "app.ventacompraarticulos", "fields": {"iva": 16, "preciocosto": "9.41", "cantidadinventario": 1, "articulo": 41, "precioventa": "13.00", "ventacompra": 64}}, {"pk": 503, "model": "app.ventacompraarticulos", "fields": {"iva": 16, "preciocosto": "6.93", "cantidadinventario": 1, "articulo": 48, "precioventa": "10.00", "ventacompra": 64}}, {"pk": 504, "model": "app.ventacompraarticulos", "fields": {"iva": 8, "preciocosto": "7.06", "cantidadinventario": 1, "articulo": 77, "precioventa": "10.00", "ventacompra": 64}}, {"pk": 505, "model": "app.ventacompraarticulos", "fields": {"iva": 8, "preciocosto": "7.13", "cantidadinventario": 1, "articulo": 133, "precioventa": "12.00", "ventacompra": 64}}, {"pk": 506, "model": "app.ventacompraarticulos", "fields": {"iva": 8, "preciocosto": "7.13", "cantidadinventario": 1, "articulo": 101, "precioventa": "10.00", "ventacompra": 64}}, {"pk": 507, "model": "app.ventacompraarticulos", "fields": {"iva": 8, "preciocosto": "7.04", "cantidadinventario": 1, "articulo": 67, "precioventa": "10.00", "ventacompra": 65}}, {"pk": 508, "model": "app.ventacompraarticulos", "fields": {"iva": 16, "preciocosto": "6.93", "cantidadinventario": 1, "articulo": 48, "precioventa": "10.00", "ventacompra": 65}}, {"pk": 509, "model": "app.ventacompraarticulos", "fields": {"iva": 8, "preciocosto": "7.06", "cantidadinventario": 1, "articulo": 79, "precioventa": "10.00", "ventacompra": 65}}, {"pk": 510, "model": "app.ventacompraarticulos", "fields": {"iva": 8, "preciocosto": "7.04", "cantidadinventario": 1, "articulo": 67, "precioventa": "10.00", "ventacompra": 65}}, {"pk": 511, "model": "app.ventacompraarticulos", "fields": {"iva": 0, "preciocosto": "7.74", "cantidadinventario": 1, "articulo": 96, "precioventa": "10.00", "ventacompra": 65}}, {"pk": 512, "model": "app.ventacompraarticulos", "fields": {"iva": 0, "preciocosto": "7.74", "cantidadinventario": 1, "articulo": 96, "precioventa": "10.00", "ventacompra": 65}}, {"pk": 513, "model": "app.ventacompraarticulos", "fields": {"iva": 8, "preciocosto": "7.13", "cantidadinventario": 1, "articulo": 135, "precioventa": "10.00", "ventacompra": 66}}, {"pk": 514, "model": "app.ventacompraarticulos", "fields": {"iva": 16, "preciocosto": "6.93", "cantidadinventario": 1, "articulo": 48, "precioventa": "10.00", "ventacompra": 66}}, {"pk": 515, "model": "app.ventacompraarticulos", "fields": {"iva": 16, "preciocosto": "8.00", "cantidadinventario": 1, "articulo": 51, "precioventa": "12.00", "ventacompra": 66}}, {"pk": 516, "model": "app.ventacompraarticulos", "fields": {"iva": 8, "preciocosto": "5.56", "cantidadinventario": 1, "articulo": 109, "precioventa": "10.00", "ventacompra": 66}}, {"pk": 517, "model": "app.ventacompraarticulos", "fields": {"iva": 16, "preciocosto": "6.93", "cantidadinventario": 1, "articulo": 48, "precioventa": "10.00", "ventacompra": 66}}, {"pk": 518, "model": "app.ventacompraarticulos", "fields": {"iva": 8, "preciocosto": "6.25", "cantidadinventario": 1, "articulo": 65, "precioventa": "10.00", "ventacompra": 66}}, {"pk": 519, "model": "app.ventacompraarticulos", "fields": {"iva": 8, "preciocosto": "7.06", "cantidadinventario": 1, "articulo": 82, "precioventa": "10.00", "ventacompra": 66}}, {"pk": 520, "model": "app.ventacompraarticulos", "fields": {"iva": 8, "preciocosto": "7.13", "cantidadinventario": 1, "articulo": 100, "precioventa": "10.00", "ventacompra": 66}}, {"pk": 521, "model": "app.ventacompraarticulos", "fields": {"iva": 8, "preciocosto": "7.13", "cantidadinventario": 1, "articulo": 100, "precioventa": "10.00", "ventacompra": 66}}, {"pk": 522, "model": "app.ventacompraarticulos", "fields": {"iva": 8, "preciocosto": "7.13", "cantidadinventario": 1, "articulo": 100, "precioventa": "10.00", "ventacompra": 66}}, {"pk": 523, "model": "app.ventacompraarticulos", "fields": {"iva": 16, "preciocosto": "6.93", "cantidadinventario": 1, "articulo": 48, "precioventa": "10.00", "ventacompra": 66}}, {"pk": 524, "model": "app.ventacompraarticulos", "fields": {"iva": 16, "preciocosto": "6.93", "cantidadinventario": 1, "articulo": 48, "precioventa": "10.00", "ventacompra": 66}}, {"pk": 525, "model": "app.ventacompraarticulos", "fields": {"iva": 8, "preciocosto": "7.13", "cantidadinventario": 1, "articulo": 100, "precioventa": "10.00", "ventacompra": 66}}, {"pk": 526, "model": "app.ventacompraarticulos", "fields": {"iva": 16, "preciocosto": "6.93", "cantidadinventario": 1, "articulo": 48, "precioventa": "10.00", "ventacompra": 66}}, {"pk": 527, "model": "app.ventacompraarticulos", "fields": {"iva": 16, "preciocosto": "6.93", "cantidadinventario": 1, "articulo": 48, "precioventa": "10.00", "ventacompra": 66}}, {"pk": 528, "model": "app.ventacompraarticulos", "fields": {"iva": 8, "preciocosto": "7.13", "cantidadinventario": 1, "articulo": 100, "precioventa": "10.00", "ventacompra": 66}}, {"pk": 529, "model": "app.ventacompraarticulos", "fields": {"iva": 16, "preciocosto": "6.93", "cantidadinventario": 1, "articulo": 48, "precioventa": "10.00", "ventacompra": 67}}, {"pk": 530, "model": "app.ventacompraarticulos", "fields": {"iva": 16, "preciocosto": "7.50", "cantidadinventario": 1, "articulo": 54, "precioventa": "10.00", "ventacompra": 67}}, {"pk": 531, "model": "app.ventacompraarticulos", "fields": {"iva": 8, "preciocosto": "7.06", "cantidadinventario": 1, "articulo": 78, "precioventa": "10.00", "ventacompra": 67}}, {"pk": 532, "model": "app.ventacompraarticulos", "fields": {"iva": 16, "preciocosto": "6.93", "cantidadinventario": 1, "articulo": 48, "precioventa": "10.00", "ventacompra": 67}}, {"pk": 533, "model": "app.ventacompraarticulos", "fields": {"iva": 8, "preciocosto": "7.13", "cantidadinventario": 1, "articulo": 104, "precioventa": "10.00", "ventacompra": 67}}, {"pk": 534, "model": "app.ventacompraarticulos", "fields": {"iva": 16, "preciocosto": "6.92", "cantidadinventario": 1, "articulo": 27, "precioventa": "10.00", "ventacompra": 67}}, {"pk": 535, "model": "app.ventacompraarticulos", "fields": {"iva": 16, "preciocosto": "9.41", "cantidadinventario": 1, "articulo": 44, "precioventa": "13.00", "ventacompra": 68}}, {"pk": 536, "model": "app.ventacompraarticulos", "fields": {"iva": 16, "preciocosto": "6.93", "cantidadinventario": 1, "articulo": 48, "precioventa": "10.00", "ventacompra": 68}}, {"pk": 537, "model": "app.ventacompraarticulos", "fields": {"iva": 16, "preciocosto": "6.93", "cantidadinventario": 1, "articulo": 48, "precioventa": "10.00", "ventacompra": 68}}, {"pk": 538, "model": "app.ventacompraarticulos", "fields": {"iva": 16, "preciocosto": "6.93", "cantidadinventario": 1, "articulo": 48, "precioventa": "10.00", "ventacompra": 68}}, {"pk": 539, "model": "app.ventacompraarticulos", "fields": {"iva": 8, "preciocosto": "6.34", "cantidadinventario": 1, "articulo": 105, "precioventa": "10.00", "ventacompra": 68}}, {"pk": 540, "model": "app.ventacompraarticulos", "fields": {"iva": 8, "preciocosto": "7.41", "cantidadinventario": 1, "articulo": 72, "precioventa": "12.00", "ventacompra": 68}}, {"pk": 541, "model": "app.ventacompraarticulos", "fields": {"iva": 8, "preciocosto": "7.13", "cantidadinventario": 1, "articulo": 112, "precioventa": "10.00", "ventacompra": 68}}, {"pk": 542, "model": "app.ventacompraarticulos", "fields": {"iva": 8, "preciocosto": "7.13", "cantidadinventario": 1, "articulo": 103, "precioventa": "10.00", "ventacompra": 68}}, {"pk": 543, "model": "app.ventacompraarticulos", "fields": {"iva": 16, "preciocosto": "6.71", "cantidadinventario": 1, "articulo": 31, "precioventa": "10.00", "ventacompra": 68}}, {"pk": 544, "model": "app.ventacompraarticulos", "fields": {"iva": 8, "preciocosto": "7.41", "cantidadinventario": 1, "articulo": 72, "precioventa": "12.00", "ventacompra": 68}}, {"pk": 545, "model": "app.ventacompraarticulos", "fields": {"iva": 16, "preciocosto": "6.93", "cantidadinventario": 1, "articulo": 48, "precioventa": "10.00", "ventacompra": 68}}, {"pk": 546, "model": "app.ventacompraarticulos", "fields": {"iva": 8, "preciocosto": "7.13", "cantidadinventario": 1, "articulo": 135, "precioventa": "10.00", "ventacompra": 68}}, {"pk": 547, "model": "app.ventacompraarticulos", "fields": {"iva": 16, "preciocosto": "6.93", "cantidadinventario": 1, "articulo": 48, "precioventa": "10.00", "ventacompra": 68}}, {"pk": 548, "model": "app.ventacompraarticulos", "fields": {"iva": 8, "preciocosto": "6.76", "cantidadinventario": 1, "articulo": 125, "precioventa": "10.00", "ventacompra": 69}}, {"pk": 549, "model": "app.ventacompraarticulos", "fields": {"iva": 16, "preciocosto": "6.71", "cantidadinventario": 1, "articulo": 38, "precioventa": "10.00", "ventacompra": 69}}, {"pk": 550, "model": "app.ventacompraarticulos", "fields": {"iva": 8, "preciocosto": "7.13", "cantidadinventario": 1, "articulo": 98, "precioventa": "10.00", "ventacompra": 69}}, {"pk": 551, "model": "app.ventacompraarticulos", "fields": {"iva": 16, "preciocosto": "6.57", "cantidadinventario": 1, "articulo": 47, "precioventa": "10.00", "ventacompra": 69}}, {"pk": 552, "model": "app.ventacompraarticulos", "fields": {"iva": 16, "preciocosto": "6.93", "cantidadinventario": 1, "articulo": 48, "precioventa": "10.00", "ventacompra": 69}}, {"pk": 553, "model": "app.ventacompraarticulos", "fields": {"iva": 16, "preciocosto": "6.93", "cantidadinventario": 1, "articulo": 48, "precioventa": "10.00", "ventacompra": 69}}, {"pk": 554, "model": "app.ventacompraarticulos", "fields": {"iva": 16, "preciocosto": "6.71", "cantidadinventario": 1, "articulo": 39, "precioventa": "10.00", "ventacompra": 69}}, {"pk": 555, "model": "app.ventacompraarticulos", "fields": {"iva": 8, "preciocosto": "4.76", "cantidadinventario": 1, "articulo": 115, "precioventa": "8.00", "ventacompra": 70}}, {"pk": 556, "model": "app.ventacompraarticulos", "fields": {"iva": 8, "preciocosto": "5.38", "cantidadinventario": 1, "articulo": 58, "precioventa": "10.00", "ventacompra": 70}}, {"pk": 557, "model": "app.ventacompraarticulos", "fields": {"iva": 8, "preciocosto": "9.35", "cantidadinventario": 1, "articulo": 61, "precioventa": "12.00", "ventacompra": 70}}, {"pk": 558, "model": "app.ventacompraarticulos", "fields": {"iva": 8, "preciocosto": "7.06", "cantidadinventario": 1, "articulo": 77, "precioventa": "10.00", "ventacompra": 70}}, {"pk": 559, "model": "app.ventacompraarticulos", "fields": {"iva": 8, "preciocosto": "7.06", "cantidadinventario": 1, "articulo": 79, "precioventa": "10.00", "ventacompra": 70}}, {"pk": 560, "model": "app.ventacompraarticulos", "fields": {"iva": 16, "preciocosto": "6.71", "cantidadinventario": 1, "articulo": 31, "precioventa": "10.00", "ventacompra": 70}}, {"pk": 561, "model": "app.ventacompraarticulos", "fields": {"iva": 8, "preciocosto": "9.35", "cantidadinventario": 1, "articulo": 61, "precioventa": "12.00", "ventacompra": 71}}, {"pk": 562, "model": "app.ventacompraarticulos", "fields": {"iva": 16, "preciocosto": "8.00", "cantidadinventario": 1, "articulo": 50, "precioventa": "12.00", "ventacompra": 71}}, {"pk": 563, "model": "app.ventacompraarticulos", "fields": {"iva": 16, "preciocosto": "6.93", "cantidadinventario": 1, "articulo": 128, "precioventa": "10.00", "ventacompra": 71}}, {"pk": 564, "model": "app.ventacompraarticulos", "fields": {"iva": 16, "preciocosto": "6.93", "cantidadinventario": 1, "articulo": 48, "precioventa": "10.00", "ventacompra": 71}}, {"pk": 565, "model": "app.ventacompraarticulos", "fields": {"iva": 8, "preciocosto": "7.06", "cantidadinventario": 1, "articulo": 77, "precioventa": "10.00", "ventacompra": 71}}, {"pk": 566, "model": "app.ventacompraarticulos", "fields": {"iva": 8, "preciocosto": "7.06", "cantidadinventario": 1, "articulo": 90, "precioventa": "10.00", "ventacompra": 71}}, {"pk": 567, "model": "app.ventacompraarticulos", "fields": {"iva": 16, "preciocosto": "6.93", "cantidadinventario": 1, "articulo": 46, "precioventa": "10.00", "ventacompra": 71}}, {"pk": 568, "model": "app.ventacompraarticulos", "fields": {"iva": 8, "preciocosto": "6.25", "cantidadinventario": 1, "articulo": 68, "precioventa": "10.00", "ventacompra": 71}}, {"pk": 569, "model": "app.ventacompraarticulos", "fields": {"iva": 16, "preciocosto": "6.93", "cantidadinventario": 1, "articulo": 48, "precioventa": "10.00", "ventacompra": 71}}, {"pk": 570, "model": "app.ventacompraarticulos", "fields": {"iva": 8, "preciocosto": "7.13", "cantidadinventario": 1, "articulo": 112, "precioventa": "10.00", "ventacompra": 71}}, {"pk": 571, "model": "app.ventacompraarticulos", "fields": {"iva": 8, "preciocosto": "4.76", "cantidadinventario": 1, "articulo": 113, "precioventa": "8.00", "ventacompra": 72}}, {"pk": 572, "model": "app.ventacompraarticulos", "fields": {"iva": 8, "preciocosto": "7.06", "cantidadinventario": 1, "articulo": 90, "precioventa": "10.00", "ventacompra": 72}}, {"pk": 573, "model": "app.ventacompraarticulos", "fields": {"iva": 16, "preciocosto": "6.93", "cantidadinventario": 1, "articulo": 48, "precioventa": "10.00", "ventacompra": 72}}, {"pk": 574, "model": "app.ventacompraarticulos", "fields": {"iva": 8, "preciocosto": "7.06", "cantidadinventario": 1, "articulo": 77, "precioventa": "10.00", "ventacompra": 72}}, {"pk": 575, "model": "app.ventacompraarticulos", "fields": {"iva": 8, "preciocosto": "6.25", "cantidadinventario": 1, "articulo": 62, "precioventa": "10.00", "ventacompra": 72}}, {"pk": 576, "model": "app.ventacompraarticulos", "fields": {"iva": 8, "preciocosto": "4.76", "cantidadinventario": 1, "articulo": 115, "precioventa": "8.00", "ventacompra": 72}}, {"pk": 577, "model": "app.ventacompraarticulos", "fields": {"iva": 16, "preciocosto": "6.93", "cantidadinventario": 1, "articulo": 48, "precioventa": "10.00", "ventacompra": 72}}, {"pk": 578, "model": "app.ventacompraarticulos", "fields": {"iva": 8, "preciocosto": "6.76", "cantidadinventario": 1, "articulo": 125, "precioventa": "10.00", "ventacompra": 72}}, {"pk": 579, "model": "app.ventacompraarticulos", "fields": {"iva": 16, "preciocosto": "6.93", "cantidadinventario": 1, "articulo": 48, "precioventa": "10.00", "ventacompra": 73}}, {"pk": 580, "model": "app.ventacompraarticulos", "fields": {"iva": 8, "preciocosto": "6.34", "cantidadinventario": 1, "articulo": 105, "precioventa": "10.00", "ventacompra": 73}}, {"pk": 581, "model": "app.ventacompraarticulos", "fields": {"iva": 8, "preciocosto": "6.28", "cantidadinventario": 1, "articulo": 123, "precioventa": "10.00", "ventacompra": 73}}, {"pk": 582, "model": "app.ventacompraarticulos", "fields": {"iva": 8, "preciocosto": "9.63", "cantidadinventario": 1, "articulo": 74, "precioventa": "14.00", "ventacompra": 73}}, {"pk": 583, "model": "app.ventacompraarticulos", "fields": {"iva": 16, "preciocosto": "6.57", "cantidadinventario": 1, "articulo": 47, "precioventa": "10.00", "ventacompra": 73}}, {"pk": 584, "model": "app.ventacompraarticulos", "fields": {"iva": 8, "preciocosto": "6.94", "cantidadinventario": 1, "articulo": 122, "precioventa": "10.00", "ventacompra": 73}}, {"pk": 585, "model": "app.ventacompraarticulos", "fields": {"iva": 16, "preciocosto": "6.71", "cantidadinventario": 1, "articulo": 34, "precioventa": "10.00", "ventacompra": 73}}, {"pk": 586, "model": "app.ventacompraarticulos", "fields": {"iva": 0, "preciocosto": "7.74", "cantidadinventario": 1, "articulo": 96, "precioventa": "10.00", "ventacompra": 74}}, {"pk": 587, "model": "app.ventacompraarticulos", "fields": {"iva": 0, "preciocosto": "7.74", "cantidadinventario": 1, "articulo": 96, "precioventa": "10.00", "ventacompra": 74}}, {"pk": 588, "model": "app.ventacompraarticulos", "fields": {"iva": 8, "preciocosto": "7.13", "cantidadinventario": 1, "articulo": 104, "precioventa": "10.00", "ventacompra": 74}}, {"pk": 589, "model": "app.ventacompraarticulos", "fields": {"iva": 16, "preciocosto": "6.93", "cantidadinventario": 1, "articulo": 48, "precioventa": "10.00", "ventacompra": 74}}, {"pk": 590, "model": "app.ventacompraarticulos", "fields": {"iva": 16, "preciocosto": "6.93", "cantidadinventario": 1, "articulo": 48, "precioventa": "10.00", "ventacompra": 74}}, {"pk": 591, "model": "app.ventacompraarticulos", "fields": {"iva": 16, "preciocosto": "8.00", "cantidadinventario": 1, "articulo": 50, "precioventa": "12.00", "ventacompra": 74}}, {"pk": 592, "model": "app.ventacompraarticulos", "fields": {"iva": 16, "preciocosto": "6.92", "cantidadinventario": 1, "articulo": 25, "precioventa": "10.00", "ventacompra": 74}}, {"pk": 593, "model": "app.ventacompraarticulos", "fields": {"iva": 8, "preciocosto": "9.35", "cantidadinventario": 1, "articulo": 61, "precioventa": "12.00", "ventacompra": 74}}, {"pk": 594, "model": "app.ventacompraarticulos", "fields": {"iva": 0, "preciocosto": "7.74", "cantidadinventario": 1, "articulo": 96, "precioventa": "10.00", "ventacompra": 74}}, {"pk": 595, "model": "app.ventacompraarticulos", "fields": {"iva": 16, "preciocosto": "8.00", "cantidadinventario": 1, "articulo": 50, "precioventa": "12.00", "ventacompra": 74}}, {"pk": 596, "model": "app.ventacompraarticulos", "fields": {"iva": 16, "preciocosto": "8.00", "cantidadinventario": 1, "articulo": 51, "precioventa": "12.00", "ventacompra": 74}}, {"pk": 597, "model": "app.ventacompraarticulos", "fields": {"iva": 16, "preciocosto": "6.93", "cantidadinventario": 1, "articulo": 48, "precioventa": "10.00", "ventacompra": 74}}, {"pk": 598, "model": "app.ventacompraarticulos", "fields": {"iva": 0, "preciocosto": "7.74", "cantidadinventario": 1, "articulo": 96, "precioventa": "10.00", "ventacompra": 74}}, {"pk": 599, "model": "app.ventacompraarticulos", "fields": {"iva": 16, "preciocosto": "6.71", "cantidadinventario": 1, "articulo": 38, "precioventa": "10.00", "ventacompra": 74}}, {"pk": 600, "model": "app.ventacompraarticulos", "fields": {"iva": 8, "preciocosto": "7.06", "cantidadinventario": 1, "articulo": 82, "precioventa": "10.00", "ventacompra": 74}}, {"pk": 601, "model": "app.ventacompraarticulos", "fields": {"iva": 16, "preciocosto": "6.71", "cantidadinventario": 1, "articulo": 39, "precioventa": "10.00", "ventacompra": 74}}, {"pk": 602, "model": "app.ventacompraarticulos", "fields": {"iva": 16, "preciocosto": "6.71", "cantidadinventario": 1, "articulo": 38, "precioventa": "10.00", "ventacompra": 74}}, {"pk": 603, "model": "app.ventacompraarticulos", "fields": {"iva": 16, "preciocosto": "6.92", "cantidadinventario": 1, "articulo": 25, "precioventa": "10.00", "ventacompra": 75}}, {"pk": 604, "model": "app.ventacompraarticulos", "fields": {"iva": 16, "preciocosto": "6.71", "cantidadinventario": 1, "articulo": 38, "precioventa": "10.00", "ventacompra": 75}}, {"pk": 605, "model": "app.ventacompraarticulos", "fields": {"iva": 16, "preciocosto": "6.93", "cantidadinventario": 1, "articulo": 48, "precioventa": "10.00", "ventacompra": 75}}, {"pk": 606, "model": "app.ventacompraarticulos", "fields": {"iva": 16, "preciocosto": "6.71", "cantidadinventario": 1, "articulo": 38, "precioventa": "10.00", "ventacompra": 75}}, {"pk": 607, "model": "app.ventacompraarticulos", "fields": {"iva": 16, "preciocosto": "6.71", "cantidadinventario": 1, "articulo": 38, "precioventa": "10.00", "ventacompra": 75}}, {"pk": 608, "model": "app.ventacompraarticulos", "fields": {"iva": 16, "preciocosto": "9.50", "cantidadinventario": 1, "articulo": 21, "precioventa": "12.00", "ventacompra": 75}}, {"pk": 609, "model": "app.ventacompraarticulos", "fields": {"iva": 16, "preciocosto": "6.71", "cantidadinventario": 1, "articulo": 32, "precioventa": "10.00", "ventacompra": 75}}, {"pk": 610, "model": "app.ventacompraarticulos", "fields": {"iva": 8, "preciocosto": "7.13", "cantidadinventario": 1, "articulo": 104, "precioventa": "10.00", "ventacompra": 75}}, {"pk": 611, "model": "app.ventacompraarticulos", "fields": {"iva": 16, "preciocosto": "6.93", "cantidadinventario": 1, "articulo": 48, "precioventa": "10.00", "ventacompra": 75}}, {"pk": 612, "model": "app.ventacompraarticulos", "fields": {"iva": 16, "preciocosto": "6.92", "cantidadinventario": 1, "articulo": 30, "precioventa": "10.00", "ventacompra": 76}}, {"pk": 613, "model": "app.ventacompraarticulos", "fields": {"iva": 8, "preciocosto": "7.13", "cantidadinventario": 1, "articulo": 134, "precioventa": "12.00", "ventacompra": 76}}, {"pk": 614, "model": "app.ventacompraarticulos", "fields": {"iva": 16, "preciocosto": "6.71", "cantidadinventario": 1, "articulo": 36, "precioventa": "10.00", "ventacompra": 76}}, {"pk": 615, "model": "app.ventacompraarticulos", "fields": {"iva": 8, "preciocosto": "5.56", "cantidadinventario": 1, "articulo": 110, "precioventa": "10.00", "ventacompra": 76}}, {"pk": 616, "model": "app.ventacompraarticulos", "fields": {"iva": 16, "preciocosto": "6.71", "cantidadinventario": 1, "articulo": 32, "precioventa": "10.00", "ventacompra": 76}}, {"pk": 617, "model": "app.ventacompraarticulos", "fields": {"iva": 0, "preciocosto": "7.74", "cantidadinventario": 1, "articulo": 96, "precioventa": "10.00", "ventacompra": 76}}, {"pk": 618, "model": "app.ventacompraarticulos", "fields": {"iva": 8, "preciocosto": "6.34", "cantidadinventario": 1, "articulo": 108, "precioventa": "10.00", "ventacompra": 76}}, {"pk": 619, "model": "app.ventacompraarticulos", "fields": {"iva": 16, "preciocosto": "6.93", "cantidadinventario": 1, "articulo": 48, "precioventa": "10.00", "ventacompra": 76}}, {"pk": 620, "model": "app.ventacompraarticulos", "fields": {"iva": 16, "preciocosto": "6.93", "cantidadinventario": 1, "articulo": 48, "precioventa": "10.00", "ventacompra": 76}}, {"pk": 621, "model": "app.ventacompraarticulos", "fields": {"iva": 16, "preciocosto": "6.71", "cantidadinventario": 1, "articulo": 36, "precioventa": "10.00", "ventacompra": 76}}, {"pk": 622, "model": "app.ventacompraarticulos", "fields": {"iva": 8, "preciocosto": "8.71", "cantidadinventario": 1, "articulo": 117, "precioventa": "12.00", "ventacompra": 76}}, {"pk": 623, "model": "app.ventacompraarticulos", "fields": {"iva": 16, "preciocosto": "6.93", "cantidadinventario": 1, "articulo": 48, "precioventa": "10.00", "ventacompra": 77}}, {"pk": 624, "model": "app.ventacompraarticulos", "fields": {"iva": 8, "preciocosto": "7.13", "cantidadinventario": 1, "articulo": 100, "precioventa": "10.00", "ventacompra": 77}}, {"pk": 625, "model": "app.ventacompraarticulos", "fields": {"iva": 8, "preciocosto": "7.13", "cantidadinventario": 1, "articulo": 132, "precioventa": "12.00", "ventacompra": 77}}, {"pk": 626, "model": "app.ventacompraarticulos", "fields": {"iva": 16, "preciocosto": "6.71", "cantidadinventario": 1, "articulo": 38, "precioventa": "10.00", "ventacompra": 77}}, {"pk": 627, "model": "app.ventacompraarticulos", "fields": {"iva": 8, "preciocosto": "6.34", "cantidadinventario": 1, "articulo": 107, "precioventa": "10.00", "ventacompra": 77}}, {"pk": 628, "model": "app.ventacompraarticulos", "fields": {"iva": 8, "preciocosto": "6.25", "cantidadinventario": 1, "articulo": 68, "precioventa": "10.00", "ventacompra": 77}}, {"pk": 629, "model": "app.ventacompraarticulos", "fields": {"iva": 16, "preciocosto": "6.71", "cantidadinventario": 1, "articulo": 38, "precioventa": "10.00", "ventacompra": 78}}, {"pk": 630, "model": "app.ventacompraarticulos", "fields": {"iva": 8, "preciocosto": "7.04", "cantidadinventario": 1, "articulo": 64, "precioventa": "10.00", "ventacompra": 78}}, {"pk": 631, "model": "app.ventacompraarticulos", "fields": {"iva": 8, "preciocosto": "7.04", "cantidadinventario": 1, "articulo": 64, "precioventa": "10.00", "ventacompra": 78}}, {"pk": 632, "model": "app.ventacompraarticulos", "fields": {"iva": 16, "preciocosto": "6.92", "cantidadinventario": 1, "articulo": 25, "precioventa": "10.00", "ventacompra": 78}}, {"pk": 633, "model": "app.ventacompraarticulos", "fields": {"iva": 8, "preciocosto": "4.50", "cantidadinventario": 1, "articulo": 69, "precioventa": "8.00", "ventacompra": 78}}, {"pk": 634, "model": "app.ventacompraarticulos", "fields": {"iva": 16, "preciocosto": "6.71", "cantidadinventario": 1, "articulo": 34, "precioventa": "10.00", "ventacompra": 78}}, {"pk": 635, "model": "app.ventacompraarticulos", "fields": {"iva": 8, "preciocosto": "7.13", "cantidadinventario": 1, "articulo": 104, "precioventa": "10.00", "ventacompra": 78}}, {"pk": 636, "model": "app.ventacompraarticulos", "fields": {"iva": 16, "preciocosto": "6.71", "cantidadinventario": 1, "articulo": 38, "precioventa": "10.00", "ventacompra": 79}}, {"pk": 637, "model": "app.ventacompraarticulos", "fields": {"iva": 0, "preciocosto": "9.50", "cantidadinventario": 1, "articulo": 22, "precioventa": "12.00", "ventacompra": 79}}, {"pk": 638, "model": "app.ventacompraarticulos", "fields": {"iva": 8, "preciocosto": "7.06", "cantidadinventario": 1, "articulo": 82, "precioventa": "10.00", "ventacompra": 79}}, {"pk": 639, "model": "app.ventacompraarticulos", "fields": {"iva": 16, "preciocosto": "6.93", "cantidadinventario": 1, "articulo": 48, "precioventa": "10.00", "ventacompra": 79}}, {"pk": 640, "model": "app.ventacompraarticulos", "fields": {"iva": 8, "preciocosto": "8.71", "cantidadinventario": 1, "articulo": 117, "precioventa": "12.00", "ventacompra": 79}}, {"pk": 641, "model": "app.ventacompraarticulos", "fields": {"iva": 8, "preciocosto": "5.56", "cantidadinventario": 1, "articulo": 97, "precioventa": "10.00", "ventacompra": 79}}, {"pk": 642, "model": "app.ventacompraarticulos", "fields": {"iva": 8, "preciocosto": "7.13", "cantidadinventario": 1, "articulo": 118, "precioventa": "12.00", "ventacompra": 79}}, {"pk": 643, "model": "app.ventacompraarticulos", "fields": {"iva": 16, "preciocosto": "6.71", "cantidadinventario": 1, "articulo": 34, "precioventa": "10.00", "ventacompra": 79}}, {"pk": 644, "model": "app.ventacompraarticulos", "fields": {"iva": 8, "preciocosto": "5.56", "cantidadinventario": 1, "articulo": 110, "precioventa": "10.00", "ventacompra": 79}}, {"pk": 645, "model": "app.ventacompraarticulos", "fields": {"iva": 16, "preciocosto": "6.92", "cantidadinventario": 1, "articulo": 129, "precioventa": "10.00", "ventacompra": 79}}, {"pk": 646, "model": "app.ventacompraarticulos", "fields": {"iva": 0, "preciocosto": "7.74", "cantidadinventario": 1, "articulo": 96, "precioventa": "10.00", "ventacompra": 79}}, {"pk": 647, "model": "app.ventacompraarticulos", "fields": {"iva": 0, "preciocosto": "7.74", "cantidadinventario": 1, "articulo": 96, "precioventa": "10.00", "ventacompra": 79}}, {"pk": 648, "model": "app.ventacompraarticulos", "fields": {"iva": 16, "preciocosto": "6.93", "cantidadinventario": 1, "articulo": 48, "precioventa": "10.00", "ventacompra": 79}}, {"pk": 649, "model": "app.ventacompraarticulos", "fields": {"iva": 16, "preciocosto": "6.93", "cantidadinventario": 1, "articulo": 48, "precioventa": "10.00", "ventacompra": 79}}, {"pk": 650, "model": "app.ventacompraarticulos", "fields": {"iva": 8, "preciocosto": "5.56", "cantidadinventario": 1, "articulo": 97, "precioventa": "10.00", "ventacompra": 79}}, {"pk": 651, "model": "app.ventacompraarticulos", "fields": {"iva": 8, "preciocosto": "7.78", "cantidadinventario": 1, "articulo": 60, "precioventa": "12.00", "ventacompra": 79}}, {"pk": 652, "model": "app.ventacompraarticulos", "fields": {"iva": 16, "preciocosto": "6.93", "cantidadinventario": 1, "articulo": 48, "precioventa": "10.00", "ventacompra": 79}}, {"pk": 653, "model": "app.ventacompraarticulos", "fields": {"iva": 8, "preciocosto": "7.13", "cantidadinventario": 1, "articulo": 104, "precioventa": "10.00", "ventacompra": 79}}, {"pk": 654, "model": "app.ventacompraarticulos", "fields": {"iva": 8, "preciocosto": "7.78", "cantidadinventario": 1, "articulo": 60, "precioventa": "12.00", "ventacompra": 79}}, {"pk": 655, "model": "app.ventacompraarticulos", "fields": {"iva": 16, "preciocosto": "6.71", "cantidadinventario": 1, "articulo": 38, "precioventa": "10.00", "ventacompra": 79}}, {"pk": 656, "model": "app.ventacompraarticulos", "fields": {"iva": 8, "preciocosto": "7.13", "cantidadinventario": 1, "articulo": 104, "precioventa": "10.00", "ventacompra": 79}}, {"pk": 657, "model": "app.ventacompraarticulos", "fields": {"iva": 8, "preciocosto": "7.13", "cantidadinventario": 1, "articulo": 104, "precioventa": "10.00", "ventacompra": 79}}, {"pk": 658, "model": "app.ventacompraarticulos", "fields": {"iva": 0, "preciocosto": "7.74", "cantidadinventario": 1, "articulo": 96, "precioventa": "10.00", "ventacompra": 79}}, {"pk": 659, "model": "app.ventacompraarticulos", "fields": {"iva": 8, "preciocosto": "5.49", "cantidadinventario": 1, "articulo": 85, "precioventa": "10.00", "ventacompra": 79}}, {"pk": 660, "model": "app.ventacompraarticulos", "fields": {"iva": 8, "preciocosto": "7.13", "cantidadinventario": 1, "articulo": 104, "precioventa": "10.00", "ventacompra": 79}}, {"pk": 661, "model": "app.ventacompraarticulos", "fields": {"iva": 16, "preciocosto": "6.93", "cantidadinventario": 1, "articulo": 48, "precioventa": "10.00", "ventacompra": 79}}, {"pk": 662, "model": "app.ventacompraarticulos", "fields": {"iva": 16, "preciocosto": "6.92", "cantidadinventario": 1, "articulo": 30, "precioventa": "10.00", "ventacompra": 79}}, {"pk": 663, "model": "app.ventacompraarticulos", "fields": {"iva": 16, "preciocosto": "6.71", "cantidadinventario": 1, "articulo": 35, "precioventa": "10.00", "ventacompra": 79}}, {"pk": 664, "model": "app.ventacompraarticulos", "fields": {"iva": 8, "preciocosto": "7.13", "cantidadinventario": 1, "articulo": 104, "precioventa": "10.00", "ventacompra": 79}}, {"pk": 665, "model": "app.ventacompraarticulos", "fields": {"iva": 8, "preciocosto": "7.13", "cantidadinventario": 1, "articulo": 132, "precioventa": "12.00", "ventacompra": 79}}, {"pk": 666, "model": "app.ventacompraarticulos", "fields": {"iva": 8, "preciocosto": "6.25", "cantidadinventario": 1, "articulo": 62, "precioventa": "10.00", "ventacompra": 79}}, {"pk": 667, "model": "app.ventacompraarticulos", "fields": {"iva": 16, "preciocosto": "6.93", "cantidadinventario": 1, "articulo": 48, "precioventa": "10.00", "ventacompra": 79}}, {"pk": 668, "model": "app.ventacompraarticulos", "fields": {"iva": 0, "preciocosto": "7.74", "cantidadinventario": 1, "articulo": 96, "precioventa": "10.00", "ventacompra": 79}}, {"pk": 669, "model": "app.ventacompraarticulos", "fields": {"iva": 8, "preciocosto": "7.78", "cantidadinventario": 1, "articulo": 60, "precioventa": "12.00", "ventacompra": 79}}, {"pk": 670, "model": "app.ventacompraarticulos", "fields": {"iva": 16, "preciocosto": "6.71", "cantidadinventario": 1, "articulo": 38, "precioventa": "10.00", "ventacompra": 79}}, {"pk": 671, "model": "app.ventacompraarticulos", "fields": {"iva": 8, "preciocosto": "7.06", "cantidadinventario": 1, "articulo": 90, "precioventa": "10.00", "ventacompra": 79}}, {"pk": 672, "model": "app.ventacompraarticulos", "fields": {"iva": 16, "preciocosto": "6.71", "cantidadinventario": 1, "articulo": 35, "precioventa": "10.00", "ventacompra": 79}}, {"pk": 673, "model": "app.ventacompraarticulos", "fields": {"iva": 16, "preciocosto": "9.50", "cantidadinventario": 1, "articulo": 21, "precioventa": "12.00", "ventacompra": 79}}, {"pk": 674, "model": "app.ventacompraarticulos", "fields": {"iva": 16, "preciocosto": "6.93", "cantidadinventario": 1, "articulo": 48, "precioventa": "10.00", "ventacompra": 80}}, {"pk": 675, "model": "app.ventacompraarticulos", "fields": {"iva": 8, "preciocosto": "5.49", "cantidadinventario": 1, "articulo": 85, "precioventa": "10.00", "ventacompra": 80}}, {"pk": 676, "model": "app.ventacompraarticulos", "fields": {"iva": 8, "preciocosto": "7.13", "cantidadinventario": 1, "articulo": 102, "precioventa": "10.00", "ventacompra": 80}}, {"pk": 677, "model": "app.ventacompraarticulos", "fields": {"iva": 8, "preciocosto": "4.76", "cantidadinventario": 1, "articulo": 113, "precioventa": "8.00", "ventacompra": 80}}, {"pk": 678, "model": "app.ventacompraarticulos", "fields": {"iva": 16, "preciocosto": "6.93", "cantidadinventario": 1, "articulo": 48, "precioventa": "10.00", "ventacompra": 80}}, {"pk": 679, "model": "app.ventacompraarticulos", "fields": {"iva": 8, "preciocosto": "7.78", "cantidadinventario": 1, "articulo": 60, "precioventa": "12.00", "ventacompra": 80}}, {"pk": 680, "model": "app.ventacompraarticulos", "fields": {"iva": 16, "preciocosto": "6.92", "cantidadinventario": 1, "articulo": 30, "precioventa": "10.00", "ventacompra": 80}}, {"pk": 681, "model": "app.ventacompraarticulos", "fields": {"iva": 16, "preciocosto": "6.92", "cantidadinventario": 1, "articulo": 25, "precioventa": "10.00", "ventacompra": 80}}, {"pk": 682, "model": "app.ventacompraarticulos", "fields": {"iva": 16, "preciocosto": "6.71", "cantidadinventario": 1, "articulo": 38, "precioventa": "10.00", "ventacompra": 80}}, {"pk": 683, "model": "app.ventacompraarticulos", "fields": {"iva": 8, "preciocosto": "7.78", "cantidadinventario": 1, "articulo": 60, "precioventa": "12.00", "ventacompra": 80}}, {"pk": 684, "model": "app.ventacompraarticulos", "fields": {"iva": 16, "preciocosto": "6.71", "cantidadinventario": 1, "articulo": 36, "precioventa": "10.00", "ventacompra": 80}}, {"pk": 685, "model": "app.ventacompraarticulos", "fields": {"iva": 16, "preciocosto": "6.93", "cantidadinventario": 1, "articulo": 48, "precioventa": "10.00", "ventacompra": 80}}, {"pk": 686, "model": "app.ventacompraarticulos", "fields": {"iva": 16, "preciocosto": "6.93", "cantidadinventario": 1, "articulo": 48, "precioventa": "10.00", "ventacompra": 80}}, {"pk": 687, "model": "app.ventacompraarticulos", "fields": {"iva": 16, "preciocosto": "6.93", "cantidadinventario": 1, "articulo": 48, "precioventa": "10.00", "ventacompra": 80}}, {"pk": 688, "model": "app.ventacompraarticulos", "fields": {"iva": 16, "preciocosto": "6.92", "cantidadinventario": 1, "articulo": 25, "precioventa": "10.00", "ventacompra": 80}}, {"pk": 689, "model": "app.ventacompraarticulos", "fields": {"iva": 8, "preciocosto": "5.28", "cantidadinventario": 1, "articulo": 71, "precioventa": "8.00", "ventacompra": 80}}, {"pk": 690, "model": "app.ventacompraarticulos", "fields": {"iva": 16, "preciocosto": "6.93", "cantidadinventario": 1, "articulo": 48, "precioventa": "10.00", "ventacompra": 80}}, {"pk": 691, "model": "app.ventacompraarticulos", "fields": {"iva": 16, "preciocosto": "6.71", "cantidadinventario": 1, "articulo": 39, "precioventa": "10.00", "ventacompra": 80}}, {"pk": 692, "model": "app.ventacompraarticulos", "fields": {"iva": 8, "preciocosto": "7.13", "cantidadinventario": 1, "articulo": 111, "precioventa": "10.00", "ventacompra": 80}}, {"pk": 693, "model": "app.ventacompraarticulos", "fields": {"iva": 16, "preciocosto": "6.71", "cantidadinventario": 1, "articulo": 32, "precioventa": "10.00", "ventacompra": 80}}, {"pk": 694, "model": "app.ventacompraarticulos", "fields": {"iva": 8, "preciocosto": "9.35", "cantidadinventario": 1, "articulo": 61, "precioventa": "12.00", "ventacompra": 80}}, {"pk": 695, "model": "app.ventacompraarticulos", "fields": {"iva": 16, "preciocosto": "6.71", "cantidadinventario": 1, "articulo": 39, "precioventa": "10.00", "ventacompra": 80}}, {"pk": 696, "model": "app.ventacompraarticulos", "fields": {"iva": 16, "preciocosto": "6.93", "cantidadinventario": 1, "articulo": 48, "precioventa": "10.00", "ventacompra": 80}}, {"pk": 697, "model": "app.ventacompraarticulos", "fields": {"iva": 16, "preciocosto": "6.93", "cantidadinventario": 1, "articulo": 48, "precioventa": "10.00", "ventacompra": 80}}, {"pk": 698, "model": "app.ventacompraarticulos", "fields": {"iva": 16, "preciocosto": "6.71", "cantidadinventario": 1, "articulo": 36, "precioventa": "10.00", "ventacompra": 80}}, {"pk": 699, "model": "app.ventacompraarticulos", "fields": {"iva": 8, "preciocosto": "7.78", "cantidadinventario": 1, "articulo": 60, "precioventa": "12.00", "ventacompra": 80}}, {"pk": 700, "model": "app.ventacompraarticulos", "fields": {"iva": 8, "preciocosto": "6.15", "cantidadinventario": 1, "articulo": 66, "precioventa": "10.00", "ventacompra": 80}}, {"pk": 701, "model": "app.ventacompraarticulos", "fields": {"iva": 16, "preciocosto": "6.71", "cantidadinventario": 1, "articulo": 36, "precioventa": "10.00", "ventacompra": 80}}, {"pk": 702, "model": "app.ventacompraarticulos", "fields": {"iva": 8, "preciocosto": "7.06", "cantidadinventario": 1, "articulo": 80, "precioventa": "10.00", "ventacompra": 80}}, {"pk": 703, "model": "app.ventacompraarticulos", "fields": {"iva": 16, "preciocosto": "6.71", "cantidadinventario": 1, "articulo": 38, "precioventa": "10.00", "ventacompra": 80}}, {"pk": 704, "model": "app.ventacompraarticulos", "fields": {"iva": 16, "preciocosto": "6.93", "cantidadinventario": 1, "articulo": 48, "precioventa": "10.00", "ventacompra": 80}}, {"pk": 705, "model": "app.ventacompraarticulos", "fields": {"iva": 16, "preciocosto": "6.93", "cantidadinventario": 1, "articulo": 48, "precioventa": "10.00", "ventacompra": 80}}, {"pk": 706, "model": "app.ventacompraarticulos", "fields": {"iva": 8, "preciocosto": "7.78", "cantidadinventario": 1, "articulo": 60, "precioventa": "12.00", "ventacompra": 80}}, {"pk": 707, "model": "app.ventacompraarticulos", "fields": {"iva": 16, "preciocosto": "6.71", "cantidadinventario": 1, "articulo": 36, "precioventa": "10.00", "ventacompra": 80}}, {"pk": 708, "model": "app.ventacompraarticulos", "fields": {"iva": 16, "preciocosto": "6.93", "cantidadinventario": 1, "articulo": 48, "precioventa": "10.00", "ventacompra": 80}}, {"pk": 709, "model": "app.ventacompraarticulos", "fields": {"iva": 16, "preciocosto": "6.93", "cantidadinventario": 1, "articulo": 48, "precioventa": "10.00", "ventacompra": 80}}, {"pk": 710, "model": "app.ventacompraarticulos", "fields": {"iva": 16, "preciocosto": "7.50", "cantidadinventario": 1, "articulo": 53, "precioventa": "10.00", "ventacompra": 80}}, {"pk": 711, "model": "app.ventacompraarticulos", "fields": {"iva": 8, "preciocosto": "7.78", "cantidadinventario": 1, "articulo": 60, "precioventa": "12.00", "ventacompra": 80}}, {"pk": 712, "model": "app.ventacompraarticulos", "fields": {"iva": 8, "preciocosto": "7.06", "cantidadinventario": 1, "articulo": 80, "precioventa": "10.00", "ventacompra": 80}}, {"pk": 713, "model": "app.ventacompraarticulos", "fields": {"iva": 8, "preciocosto": "7.13", "cantidadinventario": 1, "articulo": 118, "precioventa": "12.00", "ventacompra": 80}}, {"pk": 714, "model": "app.ventacompraarticulos", "fields": {"iva": 16, "preciocosto": "6.93", "cantidadinventario": 1, "articulo": 48, "precioventa": "10.00", "ventacompra": 80}}, {"pk": 715, "model": "app.ventacompraarticulos", "fields": {"iva": 8, "preciocosto": "7.13", "cantidadinventario": 1, "articulo": 111, "precioventa": "10.00", "ventacompra": 80}}, {"pk": 716, "model": "app.ventacompraarticulos", "fields": {"iva": 8, "preciocosto": "6.28", "cantidadinventario": 1, "articulo": 86, "precioventa": "10.00", "ventacompra": 80}}, {"pk": 717, "model": "app.ventacompraarticulos", "fields": {"iva": 16, "preciocosto": "7.50", "cantidadinventario": 1, "articulo": 53, "precioventa": "10.00", "ventacompra": 80}}, {"pk": 718, "model": "app.ventacompraarticulos", "fields": {"iva": 8, "preciocosto": "9.35", "cantidadinventario": 1, "articulo": 61, "precioventa": "12.00", "ventacompra": 80}}, {"pk": 719, "model": "app.ventacompraarticulos", "fields": {"iva": 16, "preciocosto": "6.93", "cantidadinventario": 1, "articulo": 48, "precioventa": "10.00", "ventacompra": 80}}, {"pk": 720, "model": "app.ventacompraarticulos", "fields": {"iva": 8, "preciocosto": "7.13", "cantidadinventario": 1, "articulo": 135, "precioventa": "10.00", "ventacompra": 81}}, {"pk": 721, "model": "app.ventacompraarticulos", "fields": {"iva": 8, "preciocosto": "7.13", "cantidadinventario": 1, "articulo": 112, "precioventa": "10.00", "ventacompra": 81}}, {"pk": 722, "model": "app.ventacompraarticulos", "fields": {"iva": 8, "preciocosto": "9.63", "cantidadinventario": 1, "articulo": 74, "precioventa": "14.00", "ventacompra": 81}}, {"pk": 723, "model": "app.ventacompraarticulos", "fields": {"iva": 16, "preciocosto": "6.92", "cantidadinventario": 1, "articulo": 27, "precioventa": "10.00", "ventacompra": 81}}, {"pk": 724, "model": "app.ventacompraarticulos", "fields": {"iva": 16, "preciocosto": "9.50", "cantidadinventario": 1, "articulo": 23, "precioventa": "12.00", "ventacompra": 81}}, {"pk": 725, "model": "app.ventacompraarticulos", "fields": {"iva": 8, "preciocosto": "7.78", "cantidadinventario": 1, "articulo": 60, "precioventa": "12.00", "ventacompra": 81}}, {"pk": 726, "model": "app.ventacompraarticulos", "fields": {"iva": 8, "preciocosto": "9.63", "cantidadinventario": 1, "articulo": 74, "precioventa": "14.00", "ventacompra": 81}}, {"pk": 727, "model": "app.ventacompraarticulos", "fields": {"iva": 8, "preciocosto": "7.41", "cantidadinventario": 1, "articulo": 72, "precioventa": "12.00", "ventacompra": 81}}, {"pk": 728, "model": "app.ventacompraarticulos", "fields": {"iva": 16, "preciocosto": "8.00", "cantidadinventario": 1, "articulo": 50, "precioventa": "12.00", "ventacompra": 81}}, {"pk": 729, "model": "app.ventacompraarticulos", "fields": {"iva": 16, "preciocosto": "9.50", "cantidadinventario": 1, "articulo": 21, "precioventa": "12.00", "ventacompra": 81}}, {"pk": 730, "model": "app.ventacompraarticulos", "fields": {"iva": 8, "preciocosto": "6.34", "cantidadinventario": 1, "articulo": 116, "precioventa": "10.00", "ventacompra": 81}}, {"pk": 731, "model": "app.ventacompraarticulos", "fields": {"iva": 16, "preciocosto": "6.71", "cantidadinventario": 1, "articulo": 32, "precioventa": "10.00", "ventacompra": 81}}, {"pk": 732, "model": "app.ventacompraarticulos", "fields": {"iva": 8, "preciocosto": "6.25", "cantidadinventario": 1, "articulo": 65, "precioventa": "10.00", "ventacompra": 81}}, {"pk": 733, "model": "app.ventacompraarticulos", "fields": {"iva": 8, "preciocosto": "5.56", "cantidadinventario": 1, "articulo": 97, "precioventa": "10.00", "ventacompra": 81}}, {"pk": 734, "model": "app.ventacompraarticulos", "fields": {"iva": 16, "preciocosto": "6.71", "cantidadinventario": 1, "articulo": 35, "precioventa": "10.00", "ventacompra": 81}}, {"pk": 735, "model": "app.ventacompraarticulos", "fields": {"iva": 8, "preciocosto": "7.13", "cantidadinventario": 1, "articulo": 104, "precioventa": "10.00", "ventacompra": 81}}, {"pk": 736, "model": "app.ventacompraarticulos", "fields": {"iva": 8, "preciocosto": "5.56", "cantidadinventario": 1, "articulo": 110, "precioventa": "10.00", "ventacompra": 81}}, {"pk": 737, "model": "app.ventacompraarticulos", "fields": {"iva": 8, "preciocosto": "7.13", "cantidadinventario": 1, "articulo": 102, "precioventa": "10.00", "ventacompra": 81}}, {"pk": 738, "model": "app.ventacompraarticulos", "fields": {"iva": 16, "preciocosto": "8.00", "cantidadinventario": 1, "articulo": 51, "precioventa": "12.00", "ventacompra": 81}}, {"pk": 739, "model": "app.ventacompraarticulos", "fields": {"iva": 8, "preciocosto": "7.50", "cantidadinventario": 1, "articulo": 70, "precioventa": "11.00", "ventacompra": 81}}, {"pk": 740, "model": "app.ventacompraarticulos", "fields": {"iva": 8, "preciocosto": "7.13", "cantidadinventario": 1, "articulo": 104, "precioventa": "10.00", "ventacompra": 81}}, {"pk": 741, "model": "app.ventacompraarticulos", "fields": {"iva": 8, "preciocosto": "6.28", "cantidadinventario": 1, "articulo": 87, "precioventa": "10.00", "ventacompra": 81}}, {"pk": 742, "model": "app.ventacompraarticulos", "fields": {"iva": 0, "preciocosto": "9.50", "cantidadinventario": 1, "articulo": 22, "precioventa": "12.00", "ventacompra": 81}}, {"pk": 743, "model": "app.ventacompraarticulos", "fields": {"iva": 8, "preciocosto": "7.78", "cantidadinventario": 1, "articulo": 60, "precioventa": "12.00", "ventacompra": 81}}, {"pk": 744, "model": "app.ventacompraarticulos", "fields": {"iva": 0, "preciocosto": "7.74", "cantidadinventario": 1, "articulo": 96, "precioventa": "10.00", "ventacompra": 82}}, {"pk": 745, "model": "app.ventacompraarticulos", "fields": {"iva": 8, "preciocosto": "7.13", "cantidadinventario": 1, "articulo": 101, "precioventa": "10.00", "ventacompra": 82}}, {"pk": 746, "model": "app.ventacompraarticulos", "fields": {"iva": 8, "preciocosto": "7.13", "cantidadinventario": 1, "articulo": 99, "precioventa": "10.00", "ventacompra": 82}}, {"pk": 747, "model": "app.ventacompraarticulos", "fields": {"iva": 16, "preciocosto": "6.71", "cantidadinventario": 1, "articulo": 36, "precioventa": "10.00", "ventacompra": 83}}, {"pk": 748, "model": "app.ventacompraarticulos", "fields": {"iva": 8, "preciocosto": "7.13", "cantidadinventario": 1, "articulo": 135, "precioventa": "10.00", "ventacompra": 83}}, {"pk": 749, "model": "app.ventacompraarticulos", "fields": {"iva": 8, "preciocosto": "7.13", "cantidadinventario": 1, "articulo": 102, "precioventa": "10.00", "ventacompra": 83}}, {"pk": 750, "model": "app.ventacompraarticulos", "fields": {"iva": 8, "preciocosto": "6.25", "cantidadinventario": 1, "articulo": 62, "precioventa": "10.00", "ventacompra": 83}}, {"pk": 751, "model": "app.ventacompraarticulos", "fields": {"iva": 8, "preciocosto": "7.41", "cantidadinventario": 1, "articulo": 72, "precioventa": "12.00", "ventacompra": 83}}, {"pk": 752, "model": "app.ventacompraarticulos", "fields": {"iva": 16, "preciocosto": "6.92", "cantidadinventario": 1, "articulo": 25, "precioventa": "10.00", "ventacompra": 83}}, {"pk": 753, "model": "app.ventacompraarticulos", "fields": {"iva": 8, "preciocosto": "7.13", "cantidadinventario": 1, "articulo": 99, "precioventa": "10.00", "ventacompra": 83}}, {"pk": 754, "model": "app.ventacompraarticulos", "fields": {"iva": 16, "preciocosto": "6.71", "cantidadinventario": 1, "articulo": 31, "precioventa": "10.00", "ventacompra": 84}}, {"pk": 755, "model": "app.ventacompraarticulos", "fields": {"iva": 0, "preciocosto": "7.74", "cantidadinventario": 1, "articulo": 96, "precioventa": "10.00", "ventacompra": 84}}, {"pk": 756, "model": "app.ventacompraarticulos", "fields": {"iva": 8, "preciocosto": "5.28", "cantidadinventario": 1, "articulo": 71, "precioventa": "8.00", "ventacompra": 84}}, {"pk": 757, "model": "app.ventacompraarticulos", "fields": {"iva": 8, "preciocosto": "7.13", "cantidadinventario": 1, "articulo": 98, "precioventa": "10.00", "ventacompra": 84}}, {"pk": 758, "model": "app.ventacompraarticulos", "fields": {"iva": 8, "preciocosto": "7.78", "cantidadinventario": 1, "articulo": 60, "precioventa": "12.00", "ventacompra": 84}}, {"pk": 759, "model": "app.ventacompraarticulos", "fields": {"iva": 8, "preciocosto": "7.06", "cantidadinventario": 1, "articulo": 79, "precioventa": "10.00", "ventacompra": 84}}, {"pk": 760, "model": "app.ventacompraarticulos", "fields": {"iva": 0, "preciocosto": "12.50", "cantidadinventario": 18, "articulo": 14, "precioventa": "25.00", "ventacompra": 85}}, {"pk": 761, "model": "app.ventacompraarticulos", "fields": {"iva": 0, "preciocosto": "4.00", "cantidadinventario": 6, "articulo": 6, "precioventa": "9.00", "ventacompra": 85}}, {"pk": 762, "model": "app.ventacompraarticulos", "fields": {"iva": 0, "preciocosto": "5.00", "cantidadinventario": 78, "articulo": 15, "precioventa": "10.00", "ventacompra": 85}}, {"pk": 763, "model": "app.ventacompraarticulos", "fields": {"iva": 0, "preciocosto": "12.50", "cantidadinventario": 11, "articulo": 13, "precioventa": "25.00", "ventacompra": 85}}, {"pk": 764, "model": "app.ventacompraarticulos", "fields": {"iva": 0, "preciocosto": "4.50", "cantidadinventario": 21, "articulo": 5, "precioventa": "9.00", "ventacompra": 85}}, {"pk": 765, "model": "app.ventacompraarticulos", "fields": {"iva": 0, "preciocosto": "10.00", "cantidadinventario": 36, "articulo": 3, "precioventa": "20.00", "ventacompra": 85}}, {"pk": 766, "model": "app.ventacompraarticulos", "fields": {"iva": 0, "preciocosto": "7.00", "cantidadinventario": 7, "articulo": 8, "precioventa": "15.00", "ventacompra": 85}}, {"pk": 767, "model": "app.ventacompraarticulos", "fields": {"iva": 0, "preciocosto": "4.00", "cantidadinventario": 68, "articulo": 4, "precioventa": "8.00", "ventacompra": 85}}, {"pk": 768, "model": "app.ventacompraarticulos", "fields": {"iva": 0, "preciocosto": "12.50", "cantidadinventario": 38, "articulo": 10, "precioventa": "25.00", "ventacompra": 86}}, {"pk": 769, "model": "app.ventacompraarticulos", "fields": {"iva": 0, "preciocosto": "10.00", "cantidadinventario": 4, "articulo": 2, "precioventa": "20.00", "ventacompra": 86}}, {"pk": 770, "model": "app.ventacompraarticulos", "fields": {"iva": 0, "preciocosto": "12.50", "cantidadinventario": 8, "articulo": 11, "precioventa": "25.00", "ventacompra": 86}}, {"pk": 771, "model": "app.ventacompraarticulos", "fields": {"iva": 0, "preciocosto": "4.00", "cantidadinventario": 8, "articulo": 16, "precioventa": "8.00", "ventacompra": 86}}, {"pk": 772, "model": "app.ventacompraarticulos", "fields": {"iva": 8, "preciocosto": "6.34", "cantidadinventario": 1, "articulo": 105, "precioventa": "10.00", "ventacompra": 87}}, {"pk": 773, "model": "app.ventacompraarticulos", "fields": {"iva": 8, "preciocosto": "5.56", "cantidadinventario": 1, "articulo": 97, "precioventa": "10.00", "ventacompra": 87}}, {"pk": 774, "model": "app.ventacompraarticulos", "fields": {"iva": 8, "preciocosto": "7.13", "cantidadinventario": 1, "articulo": 104, "precioventa": "10.00", "ventacompra": 87}}, {"pk": 775, "model": "app.ventacompraarticulos", "fields": {"iva": 0, "preciocosto": "7.74", "cantidadinventario": 1, "articulo": 96, "precioventa": "10.00", "ventacompra": 87}}, {"pk": 776, "model": "app.ventacompraarticulos", "fields": {"iva": 16, "preciocosto": "6.71", "cantidadinventario": 84, "articulo": 45, "precioventa": "10.00", "ventacompra": 88}}, {"pk": 777, "model": "app.ventacompraarticulos", "fields": {"iva": 16, "preciocosto": "6.71", "cantidadinventario": 37, "articulo": 39, "precioventa": "10.00", "ventacompra": 88}}, {"pk": 778, "model": "app.ventacompraarticulos", "fields": {"iva": 16, "preciocosto": "6.93", "cantidadinventario": 9, "articulo": 128, "precioventa": "10.00", "ventacompra": 88}}, {"pk": 779, "model": "app.ventacompraarticulos", "fields": {"iva": 16, "preciocosto": "6.93", "cantidadinventario": 2, "articulo": 46, "precioventa": "10.00", "ventacompra": 88}}, {"pk": 780, "model": "app.ventacompraarticulos", "fields": {"iva": 8, "preciocosto": "5.56", "cantidadinventario": 1, "articulo": 97, "precioventa": "10.00", "ventacompra": 89}}, {"pk": 781, "model": "app.ventacompraarticulos", "fields": {"iva": 8, "preciocosto": "9.63", "cantidadinventario": 1, "articulo": 74, "precioventa": "14.00", "ventacompra": 90}}]